,Unnamed: 0,Scientific_Name,Common_Name,Threatened_Status,ACT,NSW,NT,QLD,SA,TAS,VIC,WA,Kingdom,Class,Family,Genus,Species
2,2,Balaenoptera borealis,Sei Whale,Vulnerable,Na,Yes,Na,Yes,Yes,Yes,Yes,Yes,Animalia,Mammalia,Balaenopteridae,Balaenoptera,borealis
3,3,Balaenoptera musculus,Blue Whale,Endangered,Na,Yes,Yes,Yes,Yes,Yes,Yes,Yes,Animalia,Mammalia,Balaenopteridae,Balaenoptera,musculus
4,4,Balaenoptera physalus,Fin Whale,Vulnerable,Na,Yes,Na,Yes,Yes,Yes,Yes,Yes,Animalia,Mammalia,Balaenopteridae,Balaenoptera,physalus
5,5,Megaptera novaeangliae,Humpback Whale,Vulnerable,Na,Yes,Yes,Yes,Yes,Yes,Yes,Yes,Animalia,Mammalia,Balaenopteridae,Megaptera,novaeangliae
6,6,Eubalaena australis,Southern Right Whale,Endangered,Na,Yes,Na,Yes,Yes,Yes,Yes,Yes,Animalia,Mammalia,Balaenidae,Eubalaena,australis
7,7,Xeromys myoides,"Water Mouse, False Water Rat, Yirrkoo",Vulnerable,Na,Yes,Yes,Yes,Na,Na,Na,Yes,Animalia,Mammalia,Muridae,Xeromys,myoides
10,10,Pseudomys fumeus,"Smoky Mouse, Konoom",Endangered,Yes,Yes,Na,Na,Yes,Na,Yes,Na,Animalia,Mammalia,Muridae,Pseudomys,fumeus
11,11,Pseudomys gouldii,"Gould's Mouse, Koontin",Extinct,Na,Yes,Na,Yes,Yes,Na,Yes,Yes,Animalia,Mammalia,Muridae,Pseudomys,gouldii
12,12,Pseudomys novaehollandiae,"New Holland Mouse, Pookila",Vulnerable,Na,Yes,Na,Yes,Na,Yes,Yes,Na,Animalia,Mammalia,Muridae,Pseudomys,novaehollandiae
13,13,Pseudomys oralis,"Hastings River Mouse, Koontoo",Endangered,Na,Yes,Na,Yes,Na,Na,Na,Na,Animalia,Mammalia,Muridae,Pseudomys,oralis
14,14,Pseudomys pilligaensis,"Pilliga Mouse, Poolkoo",Vulnerable,Na,Yes,Na,Na,Na,Na,Na,Na,Animalia,Mammalia,Muridae,Pseudomys,pilligaensis
16,16,Notomys mordax,"Darling Downs HoppingNamouse, Payi",Extinct,Na,Yes,Na,Yes,Na,Na,Na,Na,Animalia,Mammalia,Muridae,Notomys,mordax
17,17,Pseudomys australis,"Plains Rat, Palyoora, Plains Mouse",Vulnerable,Na,Yes,Yes,Yes,Yes,Na,Na,Yes,Animalia,Mammalia,Muridae,Pseudomys,australis
21,21,Notomys fuscus,"Dusky HoppingNamouse, Wilkiniti",Vulnerable,Na,Yes,Yes,Yes,Yes,Na,Na,Na,Animalia,Mammalia,Muridae,Notomys,fuscus
22,22,Notomys longicaudatus,"LongNatailed HoppingNamouse, Koolawa, Talamba",Extinct,Na,Yes,Yes,Na,Yes,Na,Na,Yes,Animalia,Mammalia,Muridae,Notomys,longicaudatus
23,23,Conilurus albipes,"WhiteNafooted RabbitNarat, Parroo, WhiteNafooted TreeNarat",Extinct,Na,Yes,Na,Yes,Yes,Na,Yes,Na,Animalia,Mammalia,Muridae,Conilurus,albipes
25,25,Leporillus apicalis,"Lesser StickNanest Rat,Tjooyalpi, WhiteNatailed StickNanest Rat",Extinct,Na,Yes,Yes,Na,Yes,Na,Yes,Yes,Animalia,Mammalia,Muridae,Leporillus,apicalis
26,26,Leporillus conditor,"Wopilkara, Greater StickNanest Rat",Vulnerable,Na,Yes,Na,Na,Yes,Na,Na,Yes,Animalia,Mammalia,Muridae,Leporillus,conditor
29,29,Chalinolobus dwyeri,"LargeNaeared Pied Bat, Large Pied Bat",Vulnerable,Na,Yes,Na,Yes,Na,Na,Na,Na,Animalia,Mammalia,Vespertilionidae,Chalinolobus,dwyeri
31,31,Pteropus poliocephalus,GreyNaheaded FlyingNafox,Vulnerable,Yes,Yes,Na,Yes,Yes,Na,Yes,Na,Animalia,Mammalia,Pteropodidae,Pteropus,poliocephalus
33,33,Lasiorhinus krefftii,"Northern HairyNanosed Wombat, Yaminon",Critically Endangered,Na,Yes,Na,Yes,Na,Na,Na,Na,Animalia,Mammalia,Vombatidae,Lasiorhinus,krefftii
34,34,Bettongia tropica,Northern Bettong,Endangered,Na,Yes,Na,Yes,Na,Na,Na,Na,Animalia,Mammalia,Potoroidae,Bettongia,tropica
36,36,Potorous longipes,LongNafooted Potoroo,Endangered,Na,Yes,Na,Na,Na,Na,Yes,Na,Animalia,Mammalia,Potoroidae,Potorous,longipes
37,37,Petrogale penicillata,BrushNatailed RockNawallaby,Vulnerable,Yes,Yes,Na,Yes,Na,Na,Yes,Na,Animalia,Mammalia,Macropodidae,Petrogale,penicillata
40,40,Onychogalea fraenata,"Bridled NailNatail Wallaby, Bridled Nailtail Wallaby",Endangered,Na,Yes,Na,Yes,Yes,Na,Yes,Na,Animalia,Mammalia,Macropodidae,Onychogalea,fraenata
41,41,Onychogalea lunata,"Crescent Nailtail Wallaby, Tjawalpa, Wurrung",Extinct,Na,Yes,Yes,Na,Yes,Na,Na,Yes,Animalia,Mammalia,Macropodidae,Onychogalea,lunata
43,43,Lagorchestes leporides,Eastern HareNawallaby,Extinct,Na,Yes,Na,Yes,Yes,Na,Yes,Na,Animalia,Mammalia,Macropodidae,Lagorchestes,leporides
44,44,Petauroides volans,Greater Glider,Vulnerable,Yes,Yes,Na,Yes,Na,Na,Yes,Na,Animalia,Mammalia,Petauridae,Petauroides,volans
45,45,Burramys parvus,Mountain PygmyNapossum,Endangered,Na,Yes,Na,Na,Na,Na,Yes,Na,Animalia,Mammalia,Burramyidae,Burramys,parvus
48,48,Macrotis lagotis,Greater Bilby,Vulnerable,Na,Yes,Yes,Yes,Yes,Na,Na,Yes,Animalia,Mammalia,Thylacomyidae,Macrotis,lagotis
51,51,Myrmecobius fasciatus,Numbat,Endangered,Na,Yes,Yes,Na,Yes,Na,Na,Yes,Animalia,Mammalia,Myrmecobiidae,Myrmecobius,fasciatus
52,52,Chaeropus ecaudatus,"PigNafooted Bandicoot, Kanjilpa, Wilalya",Extinct,Na,Yes,Yes,Na,Yes,Na,Yes,Yes,Animalia,Mammalia,Peramelidae,Chaeropus,ecaudatus
57,57,Phascogale calura,"RedNatailed Phascogale, RedNatailed Wambenger, Kenngoor",Vulnerable,Na,Yes,Yes,Na,Yes,Na,Yes,Yes,Animalia,Mammalia,Dasyuridae,Phascogale,calura
59,59,Dasyurus geoffroii,"Chuditch, Western Quoll",Vulnerable,Na,Yes,Yes,Yes,Yes,Na,Na,Yes,Animalia,Mammalia,Dasyuridae,Dasyurus,geoffroii
61,61,Dasyurus viverrinus,"Eastern Quoll, Luaner",Endangered,Na,Yes,Na,Na,Yes,Yes,Yes,Na,Animalia,Mammalia,Dasyuridae,Dasyurus,viverrinus
66,66,Manorina melanotis,BlackNaeared Miner,Endangered,Na,Yes,Na,Na,Yes,Na,Yes,Na,Animalia,Aves,Meliphagidae,Manorina,melanotis
67,67,Grantiella picta,Painted Honeyeater,Vulnerable,Yes,Yes,Yes,Yes,Yes,Na,Yes,Na,Animalia,Aves,Meliphagidae,Grantiella,picta
69,69,Dasyornis brachypterus,Eastern Bristlebird,Endangered,Na,Yes,Na,Yes,Na,Na,Yes,Na,Animalia,Aves,Pardalotidae,Dasyornis,brachypterus
72,72,Pachycephala rufogularis,RedNalored Whistler,Vulnerable,Na,Yes,Na,Na,Yes,Na,Yes,Na,Animalia,Aves,Pachycephalidae,Pachycephala,rufogularis
75,75,Atrichornis rufescens,Rufous ScrubNabird,Endangered,Na,Yes,Na,Yes,Na,Na,Na,Na,Animalia,Aves,Atrichornithidae,Atrichornis,rufescens
76,76,Hirundapus caudacutus,WhiteNathroated Needletail,Vulnerable,Yes,Yes,Na,Yes,Yes,Yes,Yes,Na,Animalia,Aves,Apodidae,Hirundapus,caudacutus
78,78,Psephotus pulcherrimus,Paradise Parrot,Extinct,Na,Yes,Na,Yes,Na,Na,Na,Na,Animalia,Aves,Psittacidae,Psephotus,pulcherrimus
79,79,Polytelis swainsonii,Superb Parrot,Vulnerable,Yes,Yes,Na,Na,Na,Na,Yes,Na,Animalia,Aves,Psittacidae,Polytelis,swainsonii
80,80,Lathamus discolor,Swift Parrot,Critically Endangered,Yes,Yes,Na,Yes,Yes,Yes,Yes,Na,Animalia,Aves,Psittacidae,Lathamus,discolor
81,81,Neophema chrysogaster,OrangeNabellied Parrot,Critically Endangered,Na,Yes,Na,Na,Yes,Yes,Yes,Na,Animalia,Aves,Psittacidae,Neophema,chrysogaster
84,84,Numenius madagascariensis,"Eastern Curlew, Far Eastern Curlew",Critically Endangered,Na,Yes,Yes,Yes,Yes,Yes,Yes,Yes,Animalia,Aves,Scolopacidae,Numenius,madagascariensis
85,85,Calidris canutus,"Red Knot, Knot",Endangered,Na,Yes,Yes,Yes,Yes,Yes,Yes,Yes,Animalia,Aves,Scolopacidae,Calidris,canutus
86,86,Calidris ferruginea,Curlew Sandpiper,Critically Endangered,Na,Yes,Yes,Yes,Yes,Yes,Yes,Yes,Animalia,Aves,Scolopacidae,Calidris,ferruginea
87,87,Calidris tenuirostris,Great Knot,Critically Endangered,Na,Yes,Yes,Yes,Yes,Yes,Yes,Yes,Animalia,Aves,Scolopacidae,Calidris,tenuirostris
88,88,Charadrius leschenaultii,"Greater Sand Plover, Large Sand Plover",Vulnerable,Na,Yes,Yes,Yes,Yes,Yes,Yes,Yes,Animalia,Aves,Charadriidae,Charadrius,leschenaultii
89,89,Charadrius mongolus,"Lesser Sand Plover, Mongolian Plover",Endangered,Na,Yes,Yes,Yes,Yes,Yes,Yes,Yes,Animalia,Aves,Charadriidae,Charadrius,mongolus
90,90,Pedionomus torquatus,PlainsNawanderer,Critically Endangered,Na,Yes,Yes,Yes,Yes,Na,Yes,Na,Animalia,Aves,Pedionomidae,Pedionomus,torquatus
91,91,Turnix melanogaster,BlackNabreasted ButtonNaquail,Vulnerable,Na,Yes,Na,Yes,Na,Na,Na,Na,Animalia,Aves,Turnicidae,Turnix,melanogaster
92,92,Falco hypoleucos,Grey Falcon,Vulnerable,Yes,Yes,Yes,Yes,Yes,Na,Yes,Yes,Animalia,Aves,Falconidae,Falco,hypoleucos
93,93,Leipoa ocellata,Malleefowl,Vulnerable,Na,Yes,Yes,Na,Yes,Na,Yes,Yes,Animalia,Aves,Megapodiidae,Leipoa,ocellata
94,94,Erythrotriorchis radiatus,Red Goshawk,Vulnerable,Na,Yes,Yes,Yes,Na,Na,Na,Yes,Animalia,Aves,Accipitridae,Erythrotriorchis,radiatus
95,95,Botaurus poiciloptilus,Australasian Bittern,Endangered,Yes,Yes,Na,Yes,Yes,Yes,Yes,Yes,Animalia,Aves,Ardeidae,Botaurus,poiciloptilus
98,98,Halobaena caerulea,Blue Petrel,Vulnerable,Na,Yes,Na,Na,Yes,Yes,Yes,Yes,Animalia,Aves,Procellariidae,Halobaena,caerulea
99,99,Macronectes giganteus,"Southern GiantNaPetrel, Southern Giant Petrel",Endangered,Na,Yes,Na,Yes,Yes,Yes,Yes,Yes,Animalia,Aves,Procellariidae,Macronectes,giganteus
100,100,Macronectes halli,Northern Giant Petrel,Vulnerable,Na,Yes,Na,Yes,Yes,Yes,Yes,Yes,Animalia,Aves,Procellariidae,Macronectes,halli
101,101,Phoebetria fusca,Sooty Albatross,Vulnerable,Na,Yes,Na,Yes,Yes,Yes,Yes,Yes,Animalia,Aves,Diomedeidae,Phoebetria,fusca
104,104,Hoplocephalus bungaroides,BroadNaheaded Snake,Vulnerable,Na,Yes,Na,Na,Na,Na,Na,Na,Animalia,Reptilia,Elapidae,Hoplocephalus,bungaroides
111,111,Egernia rugosa,Yakka Skink,Vulnerable,Na,Yes,Na,Yes,Na,Na,Na,Na,Animalia,Reptilia,Scincidae,Egernia,rugosa
116,116,Delma impar,"Striped Legless Lizard, Striped SnakeNalizard",Vulnerable,Yes,Yes,Na,Na,Yes,Na,Yes,Na,Animalia,Reptilia,Pygopodidae,Delma,impar
117,117,Delma torquata,"Adorned Delma, Collared Delma",Vulnerable,Na,Yes,Na,Yes,Na,Na,Na,Na,Animalia,Reptilia,Pygopodidae,Delma,torquata
118,118,Aprasia parapulchella,"PinkNatailed WormNalizard, PinkNatailed Legless Lizard",Vulnerable,Yes,Yes,Na,Na,Na,Na,Yes,Na,Animalia,Reptilia,Pygopodidae,Aprasia,parapulchella
123,123,Caretta caretta,Loggerhead Turtle,Endangered,Na,Yes,Yes,Yes,Yes,Yes,Yes,Yes,Animalia,Reptilia,Cheloniidae,Caretta,caretta
124,124,Chelonia mydas,Green Turtle,Vulnerable,Na,Yes,Yes,Yes,Yes,Yes,Yes,Yes,Animalia,Reptilia,Cheloniidae,Chelonia,mydas
125,125,Eretmochelys imbricata,Hawksbill Turtle,Vulnerable,Na,Yes,Yes,Yes,Na,Yes,Yes,Yes,Animalia,Reptilia,Cheloniidae,Eretmochelys,imbricata
126,126,Lepidochelys olivacea,"Olive Ridley Turtle, Pacific Ridley Turtle",Endangered,Na,Yes,Yes,Yes,Na,Na,Na,Yes,Animalia,Reptilia,Cheloniidae,Lepidochelys,olivacea
127,127,Dermochelys coriacea,"Leatherback Turtle, Leathery Turtle, Luth",Endangered,Na,Yes,Yes,Yes,Yes,Yes,Yes,Yes,Animalia,Reptilia,Dermochelyidae,Dermochelys,coriacea
135,135,Litoria olongburensis,Wallum Sedge Frog,Vulnerable,Na,Yes,Na,Yes,Na,Na,Na,Na,Animalia,Amphibia,Hylidae,Litoria,olongburensis
136,136,Litoria piperata,Peppered Tree Frog,Vulnerable,Na,Yes,Na,Na,Na,Na,Na,Na,Animalia,Amphibia,Hylidae,Litoria,piperata
137,137,Litoria raniformis,"Growling Grass Frog, Southern Bell Frog,  Green and Golden Frog, Warty Swamp Frog, Golden Bell Frog",Vulnerable,Yes,Yes,Na,Na,Yes,Yes,Yes,Na,Animalia,Amphibia,Hylidae,Litoria,raniformis
139,139,Litoria booroolongensis,Booroolong Frog,Endangered,Yes,Yes,Na,Na,Na,Na,Yes,Na,Animalia,Amphibia,Hylidae,Litoria,booroolongensis
140,140,Litoria castanea,"YellowNaspotted Tree Frog, YellowNaspotted Bell Frog",Critically Endangered,Yes,Yes,Na,Na,Na,Na,Na,Na,Animalia,Amphibia,Hylidae,Litoria,castanea
141,141,Litoria aurea,Green and Golden Bell Frog,Vulnerable,Yes,Yes,Na,Na,Na,Na,Yes,Na,Animalia,Amphibia,Hylidae,Litoria,aurea
149,149,Pseudophryne corroboree,Southern Corroboree Frog,Critically Endangered,Na,Yes,Na,Na,Na,Na,Na,Na,Animalia,Amphibia,Myobatrachidae,Pseudophryne,corroboree
151,151,Mixophyes balbus,"Stuttering Frog, Southern Barred Frog (in Victoria)",Vulnerable,Na,Yes,Na,Yes,Na,Na,Yes,Na,Animalia,Amphibia,Myobatrachidae,Mixophyes,balbus
152,152,Mixophyes iteratus,"Giant Barred Frog, Southern Barred Frog",Endangered,Na,Yes,Na,Yes,Na,Na,Na,Na,Animalia,Amphibia,Myobatrachidae,Mixophyes,iteratus
153,153,Heleioporus australiacus,Giant Burrowing Frog,Vulnerable,Na,Yes,Na,Na,Na,Na,Yes,Na,Animalia,Amphibia,Limnodynastidae,Heleioporus,australiacus
155,155,Pomaderris cotoneaster,Cotoneaster Pomaderris,Endangered,Na,Yes,Na,Na,Na,Na,Yes,Na,Plantae,Magnoliopsida,Rhamnaceae,Pomaderris,cotoneaster
157,157,Olearia flocktoniae,Dorrigo DaisyNabush,Endangered,Na,Yes,Na,Na,Na,Na,Na,Na,Plantae,Magnoliopsida,Asteraceae,Olearia,flocktoniae
158,158,Caladenia tessellata,"ThickNalipped SpiderNaorchid, Daddy LongNalegs",Vulnerable,Na,Yes,Na,Na,Na,Na,Yes,Na,Plantae,Liliopsida,Orchidaceae,Caladenia,tessellata
160,161,Prasophyllum affine,"Jervis Bay Leek Orchid, Culburra LeekNaorchid, Kinghorn Point LeekNaorchid",Endangered,Na,Yes,Na,Na,Na,Na,Na,Na,Plantae,Liliopsida,Orchidaceae,Prasophyllum,affine
165,166,Homopholis belsonii,Belson's Panic,Vulnerable,Na,Yes,Na,Yes,Na,Na,Na,Na,Plantae,Liliopsida,Poaceae,Homopholis,belsonii
171,174,Acacia phasmoides,Phantom Wattle,Vulnerable,Na,Yes,Na,Na,Na,Na,Yes,Na,Plantae,Magnoliopsida,Fabaceae,Acacia,phasmoides
172,175,Marsdenia longiloba,Clear Milkvine,Vulnerable,Na,Yes,Na,Yes,Na,Na,Na,Na,Plantae,Magnoliopsida,Apocynaceae,Marsdenia,longiloba
174,177,Eucalyptus benthamii,"Camden White Gum, Nepean River Gum",Vulnerable,Na,Yes,Na,Na,Na,Na,Na,Na,Plantae,Magnoliopsida,Myrtaceae,Eucalyptus,benthamii
178,181,Grevillea rivularis,Carrington Falls Grevillea,Endangered,Na,Yes,Na,Na,Na,Na,Na,Na,Plantae,Magnoliopsida,Proteaceae,Grevillea,rivularis
185,189,Acacia flocktoniae,Flockton Wattle,Vulnerable,Na,Yes,Na,Na,Na,Na,Na,Na,Plantae,Magnoliopsida,Fabaceae,Acacia,flocktoniae
193,200,Syzygium hodgkinsoniae,"SmoothNabark Rose Apple, Red Lilly Pilly",Vulnerable,Na,Yes,Na,Yes,Na,Na,Na,Na,Plantae,Magnoliopsida,Myrtaceae,Syzygium,hodgkinsoniae
201,213,Acacia curranii,CurlyNabark Wattle,Vulnerable,Na,Yes,Na,Yes,Na,Na,Na,Na,Plantae,Magnoliopsida,Fabaceae,Acacia,curranii
204,218,Sarcochilus hartmannii,"Waxy Sarcochilus, Blue Knob Orchid",Vulnerable,Na,Yes,Na,Yes,Na,Na,Na,Na,Plantae,Liliopsida,Orchidaceae,Sarcochilus,hartmannii
207,223,Thelymitra matthewsii,Spiral SunNaorchid,Vulnerable,Na,Yes,Na,Na,Yes,Na,Yes,Na,Plantae,Liliopsida,Orchidaceae,Thelymitra,matthewsii
208,226,Grevillea scortechinii subsp. scortechinii,Black Grevillea,Vulnerable,Na,Yes,Na,Yes,Na,Na,Na,Na,Plantae,Magnoliopsida,Proteaceae,Grevillea,scortechinii
210,228,Clematis fawcettii,Stream Clematis,Vulnerable,Na,Yes,Na,Yes,Na,Na,Na,Na,Plantae,Magnoliopsida,Ranunculaceae,Clematis,fawcettii
212,231,Euphrasia bella,"Lamington Eyebright, Mt. Merino Eyebright",Vulnerable,Na,Yes,Na,Yes,Na,Na,Na,Na,Plantae,Magnoliopsida,Scrophulariaceae,Euphrasia,bella
216,235,Pterostylis gibbosa,"Illawarra Greenhood, Rufa Greenhood, Pouched Greenhood",Endangered,Na,Yes,Na,Na,Na,Na,Na,Na,Plantae,Liliopsida,Orchidaceae,Pterostylis,gibbosa
219,238,Zieria murphyi,Velvet Zieria,Vulnerable,Na,Yes,Na,Na,Na,Na,Na,Na,Plantae,Magnoliopsida,Rutaceae,Zieria,murphyi
228,252,Caladenia rosella,"Rosella SpiderNaorchid, Little Pink SpiderNaorchid",Endangered,Na,Yes,Na,Na,Na,Na,Yes,Na,Plantae,Liliopsida,Orchidaceae,Caladenia,rosella
233,257,Caladenia concolor,"Crimson SpiderNaorchid, Maroon SpiderNaorchid",Vulnerable,Na,Yes,Na,Na,Yes,Na,Yes,Na,Plantae,Liliopsida,Orchidaceae,Caladenia,concolor
236,260,Melaleuca biconvexa,Biconvex Paperbark,Vulnerable,Na,Yes,Na,Na,Na,Na,Na,Na,Plantae,Magnoliopsida,Myrtaceae,Melaleuca,biconvexa
238,262,Eucalyptus glaucina,Slaty Red Gum,Vulnerable,Na,Yes,Na,Yes,Na,Na,Na,Na,Plantae,Magnoliopsida,Myrtaceae,Eucalyptus,glaucina
245,271,Melaleuca deanei,Deane's Melaleuca,Vulnerable,Na,Yes,Na,Na,Na,Na,Na,Na,Plantae,Magnoliopsida,Myrtaceae,Melaleuca,deanei
246,272,Persicaria elatior,"Knotweed, Tall Knotweed",Vulnerable,Na,Yes,Na,Yes,Na,Na,Na,Na,Plantae,Magnoliopsida,Polygonaceae,Persicaria,elatior
247,273,Phaius australis,Lesser SwampNaorchid,Endangered,Na,Yes,Na,Yes,Na,Na,Na,Na,Plantae,Liliopsida,Orchidaceae,Phaius,australis
255,283,Pterostylis despectans,Lowly Greenhood,Endangered,Na,Yes,Na,Na,Yes,Na,Yes,Na,Plantae,Liliopsida,Orchidaceae,Pterostylis,despectans
256,284,Lepidorrhachis mooreana,"Little Mountain Palm, Moorei Palm",Critically Endangered,Na,Yes,Na,Na,Na,Na,Na,Na,Plantae,Liliopsida,Arecaceae,Lepidorrhachis,mooreana
259,288,Diuris venosa,"Veined Doubletail, Goat Orchid, Veined DonkeyNaorchid",Vulnerable,Na,Yes,Na,Na,Na,Na,Na,Na,Plantae,Liliopsida,Orchidaceae,Diuris,venosa
260,289,Pterostylis pulchella,Pretty Greenhood,Vulnerable,Na,Yes,Na,Na,Na,Na,Na,Na,Plantae,Liliopsida,Orchidaceae,Pterostylis,pulchella
262,292,Haloragodendron lucasii,Hal,Endangered,Na,Yes,Na,Na,Na,Na,Na,Na,Plantae,Magnoliopsida,Haloragaceae,Haloragodendron,lucasii
266,296,Macadamia tetraphylla,"RoughNashelled Bush Nut, Macadamia Nut, RoughNashelled Macadamia, RoughNaleaved Queensland Nut",Vulnerable,Na,Yes,Na,Yes,Na,Na,Na,Na,Plantae,Magnoliopsida,Proteaceae,Macadamia,tetraphylla
268,299,Brachyscome papillosa,Mossgiel Daisy,Vulnerable,Na,Yes,Na,Na,Na,Na,Na,Na,Plantae,Magnoliopsida,Asteraceae,Brachyscome,papillosa
269,300,Bulbophyllum globuliforme,"Miniature MossNaorchid, Hoop Pine Orchid",Vulnerable,Na,Yes,Na,Yes,Na,Na,Na,Na,Plantae,Liliopsida,Orchidaceae,Bulbophyllum,globuliforme
271,303,Swainsona murrayana,"Slender DarlingNapea, Slender Swainson, Murray SwainsonNapea",Vulnerable,Na,Yes,Na,Yes,Yes,Na,Yes,Na,Plantae,Magnoliopsida,Fabaceae,Swainsona,murrayana
273,306,Grevillea kennedyana,Flame SpiderNaflower,Vulnerable,Na,Yes,Na,Yes,Na,Na,Na,Na,Plantae,Magnoliopsida,Proteaceae,Grevillea,kennedyana
282,315,Persoonia acerosa,Needle Geebung,Vulnerable,Na,Yes,Na,Na,Na,Na,Na,Na,Plantae,Magnoliopsida,Proteaceae,Persoonia,acerosa
284,318,Macadamia integrifolia,"Macadamia Nut, Queensland Nut Tree, SmoothNashelled Macadamia, Bush Nut, Nut Oak",Vulnerable,Na,Yes,Na,Yes,Na,Na,Na,Na,Plantae,Magnoliopsida,Proteaceae,Macadamia,integrifolia
288,323,Eucalyptus tetrapleura,SquareNafruited Ironbark,Vulnerable,Na,Yes,Na,Na,Na,Na,Na,Na,Plantae,Magnoliopsida,Myrtaceae,Eucalyptus,tetrapleura
290,325,Genoplesium baueri,"Yellow GnatNaorchid, Bauer's Midge Orchid, Brittle Midge Orchiid",Endangered,Na,Yes,Na,Na,Na,Na,Na,Na,Plantae,Liliopsida,Orchidaceae,Genoplesium,baueri
291,326,Prostanthera marifolia,Seaforth Mintbush,Critically Endangered,Na,Yes,Na,Na,Na,Na,Na,Na,Plantae,Magnoliopsida,Lamiaceae,Prostanthera,marifolia
292,327,Acacia ruppii,Rupp's Wattle,Endangered,Na,Yes,Na,Yes,Na,Na,Na,Na,Plantae,Magnoliopsida,Fabaceae,Acacia,ruppii
293,328,Swainsona recta,"Small PurpleNapea, Mountain SwainsonNapea, Small Purple Pea",Endangered,Yes,Yes,Na,Na,Na,Na,Yes,Na,Plantae,Magnoliopsida,Fabaceae,Swainsona,recta
294,329,Eriocaulon australasicum,"Austral Pipewort, Southern Pipewort",Endangered,Na,Yes,Na,Na,Yes,Na,Yes,Na,Plantae,Liliopsida,Eriocaulaceae,Eriocaulon,australasicum
298,334,Solanum karsense,Menindee Nightshade,Vulnerable,Na,Yes,Na,Na,Yes,Na,Yes,Na,Plantae,Magnoliopsida,Solanaceae,Solanum,karsense
299,335,Eucalyptus macarthurii,"Camden Woollybutt, Paddys River Box",Endangered,Na,Yes,Na,Na,Na,Na,Na,Na,Plantae,Magnoliopsida,Myrtaceae,Eucalyptus,macarthurii
300,336,Calotis glandulosa,Mauve BurrNadaisy,Vulnerable,Yes,Yes,Na,Na,Na,Na,Na,Na,Plantae,Magnoliopsida,Asteraceae,Calotis,glandulosa
304,341,Maireana cheelii,Chariot Wheels,Vulnerable,Na,Yes,Na,Yes,Na,Na,Yes,Na,Plantae,Magnoliopsida,Chenopodiaceae,Maireana,cheelii
313,353,Boronia deanei,Deane's Boronia,Vulnerable,Na,Yes,Na,Na,Na,Na,Na,Na,Plantae,Magnoliopsida,Rutaceae,Boronia,deanei
314,354,Baloghia marmorata,"Marbled Balogia, Jointed Baloghia",Vulnerable,Na,Yes,Na,Yes,Na,Na,Na,Na,Plantae,Magnoliopsida,Euphorbiaceae,Baloghia,marmorata
317,357,Acacia bynoeana,"Bynoe's Wattle, Tiny Wattle",Vulnerable,Na,Yes,Na,Na,Na,Na,Na,Na,Plantae,Magnoliopsida,Fabaceae,Acacia,bynoeana
318,358,Acronychia littoralis,Scented Acronychia,Endangered,Na,Yes,Na,Yes,Na,Na,Na,Na,Plantae,Magnoliopsida,Rutaceae,Acronychia,littoralis
319,359,Bertya pinifolia,a shrub,Vulnerable,Na,Yes,Na,Yes,Na,Na,Na,Na,Plantae,Magnoliopsida,Euphorbiaceae,Bertya,pinifolia
325,367,Uromyrtus australis,Peach Myrtle,Endangered,Na,Yes,Na,Na,Na,Na,Na,Na,Plantae,Magnoliopsida,Myrtaceae,Uromyrtus,australis
327,370,Elaeocarpus williamsianus,Hairy Quandong,Endangered,Na,Yes,Na,Na,Na,Na,Na,Na,Plantae,Magnoliopsida,Elaeocarpaceae,Elaeocarpus,williamsianus
331,377,Lepidium monoplocoides,Winged PepperNacress,Endangered,Na,Yes,Na,Yes,Yes,Na,Yes,Na,Plantae,Magnoliopsida,Brassicaceae,Lepidium,monoplocoides
338,384,Caladenia arenaria,SandNahill SpiderNaorchid,Endangered,Na,Yes,Na,Na,Na,Na,Na,Na,Plantae,Liliopsida,Orchidaceae,Caladenia,arenaria
340,387,Arthraxon hispidus,HairyNajoint Grass,Vulnerable,Na,Yes,Na,Yes,Na,Na,Na,Na,Plantae,Liliopsida,Poaceae,Arthraxon,hispidus
342,389,Trachymene scapigera,Mountain Trachymene,Endangered,Na,Yes,Na,Na,Na,Na,Na,Na,Plantae,Magnoliopsida,Apiaceae,Trachymene,scapigera
344,391,Pomaderris sericea,Bent Pomaderris,Vulnerable,Na,Yes,Na,Na,Na,Na,Yes,Na,Plantae,Magnoliopsida,Rhamnaceae,Pomaderris,sericea
346,393,Eucalyptus scoparia,Wallangarra White Gum,Vulnerable,Na,Yes,Na,Yes,Na,Na,Na,Na,Plantae,Magnoliopsida,Myrtaceae,Eucalyptus,scoparia
347,394,Grevillea caleyi,Caley's Grevillea,Critically Endangered,Na,Yes,Na,Na,Na,Na,Na,Na,Plantae,Magnoliopsida,Proteaceae,Grevillea,caleyi
351,398,Cadellia pentastylis,Ooline,Vulnerable,Na,Yes,Na,Yes,Na,Na,Na,Na,Plantae,Magnoliopsida,Surianaceae,Cadellia,pentastylis
352,399,Acacia georgensis,Bega Wattle,Vulnerable,Na,Yes,Na,Na,Na,Na,Na,Na,Plantae,Magnoliopsida,Fabaceae,Acacia,georgensis
357,406,Phyllota humifusa,Dwarf Phyllota,Vulnerable,Na,Yes,Na,Na,Na,Na,Na,Na,Plantae,Magnoliopsida,Fabaceae,Phyllota,humifusa
361,412,Prasophyllum validum,"Sturdy LeekNaorchid, Mount Remarkable LeekNaorchid",Vulnerable,Na,Yes,Na,Yes,Yes,Na,Na,Na,Plantae,Liliopsida,Orchidaceae,Prasophyllum,validum
365,416,Astrotricha crassifolia,ThickNaleaf StarNahair,Vulnerable,Na,Yes,Na,Na,Na,Na,Na,Na,Plantae,Magnoliopsida,Araliaceae,Astrotricha,crassifolia
369,420,Randia moorei,Spiny Gardenia,Endangered,Na,Yes,Na,Yes,Na,Na,Na,Na,Plantae,Magnoliopsida,Rubiaceae,Randia,moorei
370,421,Eriocaulon carsonii,"Salt Pipewort, Button Grass",Endangered,Na,Yes,Na,Yes,Yes,Na,Na,Na,Plantae,Liliopsida,Eriocaulaceae,Eriocaulon,carsonii
371,422,Olax angulata,Minnie Waters Olax,Vulnerable,Na,Yes,Na,Na,Na,Na,Na,Na,Plantae,Magnoliopsida,Olacaceae,Olax,angulata
373,425,Acacia macnuttiana,McNutt's Wattle,Vulnerable,Na,Yes,Na,Na,Na,Na,Na,Na,Plantae,Magnoliopsida,Fabaceae,Acacia,macnuttiana
375,427,Gentiana wissmannii,New England Gentian,Vulnerable,Na,Yes,Na,Na,Na,Na,Na,Na,Plantae,Magnoliopsida,Gentianaceae,Gentiana,wissmannii
376,428,Acacia constablei,Narrabarba Wattle,Vulnerable,Na,Yes,Na,Na,Na,Na,Na,Na,Plantae,Magnoliopsida,Fabaceae,Acacia,constablei
377,429,Swainsona plagiotropis,"Red DarlingNapea, Red SwainsonNapea",Vulnerable,Na,Yes,Na,Na,Na,Na,Yes,Na,Plantae,Magnoliopsida,Fabaceae,Swainsona,plagiotropis
378,430,Paspalidium grandispiculatum,a grass,Vulnerable,Na,Yes,Na,Yes,Na,Na,Na,Na,Plantae,Liliopsida,Poaceae,Paspalidium,grandispiculatum
379,431,Picris evae,Hawkweed,Vulnerable,Na,Yes,Na,Yes,Na,Na,Na,Na,Plantae,Magnoliopsida,Asteraceae,Picris,evae
381,433,Persoonia marginata,Clandulla Geebung,Vulnerable,Na,Yes,Na,Na,Na,Na,Na,Na,Plantae,Magnoliopsida,Proteaceae,Persoonia,marginata
384,437,Lepidium aschersonii,Spiny PepperNacress,Vulnerable,Na,Yes,Na,Na,Na,Na,Yes,Yes,Plantae,Magnoliopsida,Brassicaceae,Lepidium,aschersonii
385,438,Eucalyptus recurva,Mongarlowe Mallee,Critically Endangered,Na,Yes,Na,Na,Na,Na,Na,Na,Plantae,Magnoliopsida,Myrtaceae,Eucalyptus,recurva
393,448,Owenia cepiodora,"Onionwood, Bog Onion, Onion Cedar",Vulnerable,Na,Yes,Na,Yes,Na,Na,Na,Na,Plantae,Magnoliopsida,Meliaceae,Owenia,cepiodora
394,449,Ochrosia moorei,Southern Ochrosia,Endangered,Na,Yes,Na,Yes,Na,Na,Na,Na,Plantae,Magnoliopsida,Apocynaceae,Ochrosia,moorei
396,455,Lepidium pseudopapillosum,Erect PepperNacress,Vulnerable,Na,Yes,Na,Na,Yes,Na,Yes,Na,Plantae,Magnoliopsida,Brassicaceae,Lepidium,pseudopapillosum
399,459,Sclerolaena napiformis,Turnip Copperburr,Endangered,Na,Yes,Na,Na,Na,Na,Yes,Na,Plantae,Magnoliopsida,Chenopodiaceae,Sclerolaena,napiformis
400,460,Rhizanthella slateri,Eastern Underground Orchid,Endangered,Na,Yes,Na,Yes,Na,Na,Na,Na,Plantae,Liliopsida,Orchidaceae,Rhizanthella,slateri
405,465,Pultenaea glabra,"Smooth BushNapea, Swamp BushNapea",Vulnerable,Na,Yes,Na,Na,Na,Na,Na,Na,Plantae,Magnoliopsida,Fabaceae,Pultenaea,glabra
406,466,Thelymitra epipactoides,Metallic SunNaorchid,Endangered,Na,Yes,Na,Na,Yes,Na,Yes,Na,Plantae,Liliopsida,Orchidaceae,Thelymitra,epipactoides
408,468,Cryptocarya foetida,"Stinking Cryptocarya, Stinking Laurel",Vulnerable,Na,Yes,Na,Yes,Na,Na,Na,Na,Plantae,Magnoliopsida,Lauraceae,Cryptocarya,foetida
410,470,Gentiana baeuerlenii,Baeuerlen's Gentian,Endangered,Yes,Yes,Na,Na,Na,Na,Na,Na,Plantae,Magnoliopsida,Gentianaceae,Gentiana,baeuerlenii
412,473,Dodonaea procumbens,Trailing HopNabush,Vulnerable,Yes,Yes,Na,Na,Yes,Na,Yes,Na,Plantae,Magnoliopsida,Sapindaceae,Dodonaea,procumbens
414,476,Prostanthera densa,Villous Mintbush,Vulnerable,Na,Yes,Na,Na,Na,Na,Na,Na,Plantae,Magnoliopsida,Lamiaceae,Prostanthera,densa
415,477,Syzygium moorei,"Rose Apple, Coolamon, Robby, Durobby, Watermelon Tree, Coolamon Rose Apple",Vulnerable,Na,Yes,Na,Yes,Na,Na,Na,Na,Plantae,Magnoliopsida,Myrtaceae,Syzygium,moorei
419,484,Cynanchum elegans,WhiteNaflowered Wax Plant,Endangered,Na,Yes,Na,Na,Na,Na,Na,Na,Plantae,Magnoliopsida,Apocynaceae,Cynanchum,elegans
421,486,Eucalyptus imlayensis,"Imlay Mallee, Mount Imlay Mallee",Endangered,Na,Yes,Na,Na,Na,Na,Na,Na,Plantae,Magnoliopsida,Myrtaceae,Eucalyptus,imlayensis
423,488,Sarcochilus weinthalii,"Blotched Sarcochilus, Weinthals Sarcanth",Vulnerable,Na,Yes,Na,Yes,Na,Na,Na,Na,Plantae,Liliopsida,Orchidaceae,Sarcochilus,weinthalii
426,492,Persoonia glaucescens,Mittagong Geebung,Vulnerable,Na,Yes,Na,Na,Na,Na,Na,Na,Plantae,Magnoliopsida,Proteaceae,Persoonia,glaucescens
429,496,Senecio georgianus,Grey Groundsel,Extinct,Na,Yes,Na,Na,Yes,Yes,Yes,Na,Plantae,Magnoliopsida,Asteraceae,Senecio,georgianus
433,501,Pultenaea baeuerlenii,Budawangs BushNapea,Vulnerable,Na,Yes,Na,Na,Na,Na,Na,Na,Plantae,Magnoliopsida,Fabaceae,Pultenaea,baeuerlenii
434,502,Rutidosis heterogama,Heath Wrinklewort,Vulnerable,Na,Yes,Na,Na,Na,Na,Na,Na,Plantae,Magnoliopsida,Asteraceae,Rutidosis,heterogama
439,510,Acacia pycnostachya,Bolivia Wattle,Vulnerable,Na,Yes,Na,Yes,Na,Na,Na,Na,Plantae,Magnoliopsida,Fabaceae,Acacia,pycnostachya
446,517,Solanum bauerianum,Bridal Flower ,Extinct,Na,Yes,Na,Na,Na,Na,Na,Na,Plantae,Magnoliopsida,Solanaceae,Solanum,bauerianum
447,518,Pomaderris pallida,Pale Pomaderris,Vulnerable,Yes,Yes,Na,Na,Na,Na,Na,Na,Plantae,Magnoliopsida,Rhamnaceae,Pomaderris,pallida
451,526,Endiandra hayesii,"Rusty Rose Walnut, Velvet Laurel",Vulnerable,Na,Yes,Na,Yes,Na,Na,Na,Na,Plantae,Magnoliopsida,Lauraceae,Endiandra,hayesii
452,527,Glycine latrobeana,"Clover Glycine, Purple Clover",Vulnerable,Na,Yes,Na,Na,Yes,Yes,Yes,Na,Plantae,Magnoliopsida,Fabaceae,Glycine,latrobeana
455,530,Asperula asthenes,Trailing Woodruff,Vulnerable,Na,Yes,Na,Na,Na,Na,Na,Na,Plantae,Magnoliopsida,Rubiaceae,Asperula,asthenes
458,533,Senecio behrianus,"Stiff Groundsel, Behr's Groundsel",Endangered,Na,Yes,Na,Na,Yes,Na,Yes,Na,Plantae,Magnoliopsida,Asteraceae,Senecio,behrianus
459,534,Lepidium peregrinum,Wandering PepperNacress,Endangered,Na,Yes,Na,Yes,Na,Na,Na,Na,Plantae,Magnoliopsida,Brassicaceae,Lepidium,peregrinum
461,538,Dichanthium setosum,bluegrass,Vulnerable,Na,Yes,Na,Yes,Na,Na,Na,Na,Plantae,Liliopsida,Poaceae,Dichanthium,setosum
462,540,Hakea pulvinifera,Lake Keepit Hakea,Endangered,Na,Yes,Na,Na,Na,Na,Na,Na,Plantae,Magnoliopsida,Proteaceae,Hakea,pulvinifera
463,541,Leucopogon exolasius,Woronora BeardNaheath,Vulnerable,Na,Yes,Na,Na,Na,Na,Na,Na,Plantae,Magnoliopsida,Epacridaceae,Leucopogon,exolasius
468,547,Leucopogon confertus,Torrington BeardNaheath,Endangered,Na,Yes,Na,Na,Na,Na,Na,Na,Plantae,Magnoliopsida,Epacridaceae,Leucopogon,confertus
473,553,Corchorus cunninghamii,Native Jute,Endangered,Na,Yes,Na,Yes,Na,Na,Na,Na,Plantae,Magnoliopsida,Tiliaceae,Corchorus,cunninghamii
474,554,Irenepharsus trypherus,"Delicate Cress, Illawarra Irene",Endangered,Na,Yes,Na,Na,Na,Na,Na,Na,Plantae,Magnoliopsida,Brassicaceae,Irenepharsus,trypherus
478,559,Ranunculus anemoneus,Anemone Buttercup,Vulnerable,Na,Yes,Na,Na,Na,Na,Na,Na,Plantae,Magnoliopsida,Ranunculaceae,Ranunculus,anemoneus
483,565,Thesium australe,"Austral Toadflax, Toadflax",Vulnerable,Yes,Yes,Na,Yes,Na,Yes,Yes,Na,Plantae,Magnoliopsida,Santalaceae,Thesium,australe
486,568,Eleocharis obicis,a spike rush,Vulnerable,Na,Yes,Na,Na,Na,Na,Yes,Na,Plantae,Liliopsida,Cyperaceae,Eleocharis,obicis
491,573,Pterostylis cucullata,Leafy Greenhood,Vulnerable,Na,Yes,Na,Na,Yes,Yes,Yes,Na,Plantae,Liliopsida,Orchidaceae,Pterostylis,cucullata
492,574,Eucalyptus camfieldii,Camfield's Stringybark,Vulnerable,Na,Yes,Na,Na,Na,Na,Na,Na,Plantae,Magnoliopsida,Myrtaceae,Eucalyptus,camfieldii
494,576,Brachyscome muelleroides,Mueller Daisy,Vulnerable,Na,Yes,Na,Na,Na,Na,Yes,Na,Plantae,Magnoliopsida,Asteraceae,Brachyscome,muelleroides
499,583,Floydia praealta,"Ball Nut, Possum Nut, Big Nut, Beefwood",Vulnerable,Na,Yes,Na,Yes,Na,Na,Na,Na,Plantae,Magnoliopsida,Proteaceae,Floydia,praealta
500,584,Gentiana bredboensis,Bredbo Gentian,Critically Endangered,Na,Yes,Na,Na,Na,Na,Na,Na,Plantae,Magnoliopsida,Gentianaceae,Gentiana,bredboensis
503,587,Bosistoa transversa,"ThreeNaleaved Bosistoa, Yellow Satinheart",Vulnerable,Na,Yes,Na,Yes,Na,Na,Na,Na,Plantae,Magnoliopsida,Rutaceae,Bosistoa,transversa
504,588,Hakea fraseri,"Gnarled Corkbark, Fraser's Hakea",Vulnerable,Na,Yes,Na,Na,Na,Na,Na,Na,Plantae,Magnoliopsida,Proteaceae,Hakea,fraseri
506,590,Euphrasia collina subsp. muelleri,"Purple Eyebright, Mueller's Eyebright",Endangered,Na,Yes,Na,Na,Yes,Na,Yes,Na,Plantae,Magnoliopsida,Scrophulariaceae,Euphrasia,collina
510,595,Senecio macrocarpus,"LargeNafruit Fireweed, LargeNafruit Groundsel",Vulnerable,Na,Yes,Na,Na,Yes,Yes,Yes,Na,Plantae,Magnoliopsida,Asteraceae,Senecio,macrocarpus
516,604,Eucalyptus pumila,Pokolbin Mallee,Vulnerable,Na,Yes,Na,Na,Na,Na,Na,Na,Plantae,Magnoliopsida,Myrtaceae,Eucalyptus,pumila
517,605,Lepidium hyssopifolium,"Basalt PepperNacress, Peppercress, Rubble PepperNacress, Pepperweed",Endangered,Yes,Yes,Na,Yes,Na,Yes,Yes,Na,Plantae,Magnoliopsida,Brassicaceae,Lepidium,hyssopifolium
520,608,Isoglossa eranthemoides,Isoglossa,Endangered,Na,Yes,Na,Na,Na,Na,Na,Na,Plantae,Magnoliopsida,Acanthaceae,Isoglossa,eranthemoides
525,613,Haloragis exalata subsp. velutina,Tall Velvet SeaNaberry,Vulnerable,Na,Yes,Na,Yes,Na,Na,Na,Na,Plantae,Magnoliopsida,Haloragaceae,Haloragis,exalata
526,614,Pomaderris brunnea,"Rufous Pomaderris, Brown Pomaderris",Vulnerable,Na,Yes,Na,Na,Na,Na,Yes,Na,Plantae,Magnoliopsida,Rhamnaceae,Pomaderris,brunnea
532,621,Correa baeuerlenii,Chef's Cap,Vulnerable,Na,Yes,Na,Na,Na,Na,Na,Na,Plantae,Magnoliopsida,Rutaceae,Correa,baeuerlenii
534,624,Phebalium glandulosum subsp. eglandulosum,Rusty Desert Phebalium,Vulnerable,Na,Yes,Na,Yes,Na,Na,Na,Na,Plantae,Magnoliopsida,Rutaceae,Phebalium,glandulosum
535,625,Zieria granulata,"Hill Zieria, Hilly Zieria, Illawarra Zieria",Endangered,Na,Yes,Na,Na,Na,Na,Na,Na,Plantae,Magnoliopsida,Rutaceae,Zieria,granulata
545,637,Prostanthera stricta,Mount Vincent Mintbush,Vulnerable,Na,Yes,Na,Na,Na,Na,Na,Na,Plantae,Magnoliopsida,Lamiaceae,Prostanthera,stricta
547,639,Acanthocladium dockeri,"Spiny Everlasting, Spiny Daisy",Critically Endangered,Na,Yes,Na,Na,Yes,Na,Na,Na,Plantae,Magnoliopsida,Asteraceae,Acanthocladium,dockeri
555,650,Desmodium acanthocladum,Thorny Pea,Vulnerable,Na,Yes,Na,Na,Na,Na,Na,Na,Plantae,Magnoliopsida,Fabaceae,Desmodium,acanthocladum
556,651,Gentiana wingecarribiensis,Wingecarribee Gentian,Endangered,Na,Yes,Na,Na,Na,Na,Na,Na,Plantae,Magnoliopsida,Gentianaceae,Gentiana,wingecarribiensis
558,654,Persoonia nutans,Nodding Geebung,Endangered,Na,Yes,Na,Na,Na,Na,Na,Na,Plantae,Magnoliopsida,Proteaceae,Persoonia,nutans
561,658,Diuris pedunculata,"Small Snake Orchid, TwoNaleaved Golden Moths, Golden Moths, Cowslip Orchid, Snake Orchid",Endangered,Yes,Yes,Na,Yes,Na,Na,Na,Na,Plantae,Liliopsida,Orchidaceae,Diuris,pedunculata
565,663,Diospyros mabacea,"RedNafruited Ebony, Silky Persimmon, Ebony",Endangered,Na,Yes,Na,Na,Na,Na,Na,Na,Plantae,Magnoliopsida,Ebenaceae,Diospyros,mabacea
567,665,Eucalyptus largeana,Craven Grey Box,Endangered,Na,Yes,Na,Na,Na,Na,Na,Na,Plantae,Magnoliopsida,Myrtaceae,Eucalyptus,largeana
568,666,Boronia granitica,Granite Boronia,Endangered,Na,Yes,Na,Yes,Na,Na,Na,Na,Plantae,Magnoliopsida,Rutaceae,Boronia,granitica
571,672,Acacia pubescens,"Downy Wattle, Hairy Stemmed Wattle",Vulnerable,Na,Yes,Na,Na,Na,Na,Na,Na,Plantae,Magnoliopsida,Fabaceae,Acacia,pubescens
575,676,Persoonia hirsuta,"Hairy Geebung, Hairy Persoonia",Endangered,Na,Yes,Na,Na,Na,Na,Na,Na,Plantae,Magnoliopsida,Proteaceae,Persoonia,hirsuta
576,677,Symplocos baeuerlenii,"SmallNaleaved Hazelwood, Shrubby Hazelwood",Vulnerable,Na,Yes,Na,Yes,Na,Na,Na,Na,Plantae,Magnoliopsida,Symplocaceae,Symplocos,baeuerlenii
577,679,Sarcochilus fitzgeraldii,Ravine Orchid,Vulnerable,Na,Yes,Na,Yes,Na,Na,Na,Na,Plantae,Liliopsida,Orchidaceae,Sarcochilus,fitzgeraldii
578,683,Amphibromus fluitans,"River Swamp WallabyNagrass, Floating Swamp WallabyNagrass",Vulnerable,Na,Yes,Na,Na,Yes,Yes,Yes,Na,Plantae,Liliopsida,Poaceae,Amphibromus,fluitans
579,684,Corynocarpus rupestris subsp. rupestris,Glenugie Karaka,Vulnerable,Na,Yes,Na,Na,Na,Na,Na,Na,Plantae,Magnoliopsida,Corynocarpaceae,Corynocarpus,rupestris
580,686,Eucalyptus kartzoffiana,Araluen Gum,Vulnerable,Na,Yes,Na,Na,Na,Na,Na,Na,Plantae,Magnoliopsida,Myrtaceae,Eucalyptus,kartzoffiana
582,689,Prasophyllum fuscum,"Tawny LeekNaorchid, Slaty LeekNaorchid",Vulnerable,Na,Yes,Na,Na,Na,Na,Na,Na,Plantae,Liliopsida,Orchidaceae,Prasophyllum,fuscum
583,690,Codonocarpus pyramidalis,"Slender BellNafruit, Camel Poison",Vulnerable,Na,Yes,Na,Na,Yes,Na,Na,Na,Plantae,Magnoliopsida,Gyrostemonaceae,Codonocarpus,pyramidalis
584,691,Cryptostylis hunteriana,Leafless TongueNaorchid,Vulnerable,Na,Yes,Na,Yes,Na,Na,Yes,Na,Plantae,Liliopsida,Orchidaceae,Cryptostylis,hunteriana
588,696,Acacia pubifolia,Velvet Wattle,Vulnerable,Na,Yes,Na,Yes,Na,Na,Na,Na,Plantae,Magnoliopsida,Fabaceae,Acacia,pubifolia
589,697,Plinthanthesis rodwayi,Budawangs WallabyNagrass,Vulnerable,Na,Yes,Na,Na,Na,Na,Na,Na,Plantae,Liliopsida,Poaceae,Plinthanthesis,rodwayi
594,702,Isopogon fletcheri,Fletcher's Drumsticks,Vulnerable,Na,Yes,Na,Na,Na,Na,Na,Na,Plantae,Magnoliopsida,Proteaceae,Isopogon,fletcheri
597,706,Eucalyptus mckieana,McKie's Stringybark,Vulnerable,Na,Yes,Na,Na,Na,Na,Na,Na,Plantae,Magnoliopsida,Myrtaceae,Eucalyptus,mckieana
599,708,Syzygium paniculatum,"Magenta Lilly Pilly, Magenta Cherry, Daguba, Scrub Cherry, Creek Lilly Pilly, Brush Cherry",Vulnerable,Na,Yes,Na,Na,Na,Na,Na,Na,Plantae,Magnoliopsida,Myrtaceae,Syzygium,paniculatum
608,720,Ammobium craspedioides,Yass Daisy,Vulnerable,Yes,Yes,Na,Na,Na,Na,Na,Na,Plantae,Magnoliopsida,Asteraceae,Ammobium,craspedioides
610,722,Pimelea spicata,Spiked RiceNaflower,Endangered,Na,Yes,Na,Na,Na,Na,Na,Na,Plantae,Magnoliopsida,Thymelaeaceae,Pimelea,spicata
611,725,Caladenia atroclavia,BlackNaclubbed SpiderNaorchid,Endangered,Na,Yes,Na,Yes,Na,Na,Na,Na,Plantae,Liliopsida,Orchidaceae,Caladenia,atroclavia
614,728,Eucalyptus aggregata,Black Gum,Vulnerable,Na,Yes,Na,Na,Na,Na,Yes,Na,Plantae,Magnoliopsida,Myrtaceae,Eucalyptus,aggregata
615,729,Prostanthera staurophylla,a mintNabush,Vulnerable,Na,Yes,Na,Na,Na,Na,Na,Na,Plantae,Magnoliopsida,Lamiaceae,Prostanthera,staurophylla
616,730,Eucalyptus nicholii,"NarrowNaleaved Peppermint, NarrowNaleaved Black Peppermint",Vulnerable,Na,Yes,Na,Yes,Na,Na,Na,Na,Plantae,Magnoliopsida,Myrtaceae,Eucalyptus,nicholii
620,734,Hicksbeachia pinnatifolia,"Monkey Nut, Bopple Nut, Red Bopple, Red Bopple Nut, Red Nut, Beef Nut, Red Apple Nut, Red Boppel Nut, Ivory Silky Oak",Vulnerable,Na,Yes,Na,Yes,Na,Na,Na,Na,Plantae,Magnoliopsida,Proteaceae,Hicksbeachia,pinnatifolia
627,741,Boronia repanda,"Repand Boronia, Border Boronia",Endangered,Na,Yes,Na,Yes,Na,Na,Na,Na,Plantae,Magnoliopsida,Rutaceae,Boronia,repanda
629,743,Bertya ingramii,a shrub,Endangered,Na,Yes,Na,Na,Na,Na,Na,Na,Plantae,Magnoliopsida,Euphorbiaceae,Bertya,ingramii
630,744,Tetratheca juncea,BlackNaeyed Susan,Vulnerable,Na,Yes,Na,Na,Na,Na,Na,Na,Plantae,Magnoliopsida,Tremandraceae,Tetratheca,juncea
634,748,Diploglottis campbellii,SmallNaleaved Tamarind,Endangered,Na,Yes,Na,Yes,Na,Na,Na,Na,Plantae,Magnoliopsida,Sapindaceae,Diploglottis,campbellii
635,749,Rutidosis leiolepis,Monaro Golden Daisy,Vulnerable,Na,Yes,Na,Na,Na,Na,Na,Na,Plantae,Magnoliopsida,Asteraceae,Rutidosis,leiolepis
638,753,Eucalyptus pulverulenta,"SilverNaleaved Mountain Gum, SilverNaleaved Gum",Vulnerable,Na,Yes,Na,Na,Na,Na,Na,Na,Plantae,Magnoliopsida,Myrtaceae,Eucalyptus,pulverulenta
640,756,Diuris aequalis,Buttercup Doubletail,Vulnerable,Na,Yes,Na,Na,Na,Na,Na,Na,Plantae,Liliopsida,Orchidaceae,Diuris,aequalis
648,765,Leptospermum deanei,Deane's TeaNatree,Vulnerable,Na,Yes,Na,Na,Na,Na,Na,Na,Plantae,Magnoliopsida,Myrtaceae,Leptospermum,deanei
649,766,Leptospermum thompsonii,Monga TeaNatree,Vulnerable,Na,Yes,Na,Na,Na,Na,Na,Na,Plantae,Magnoliopsida,Myrtaceae,Leptospermum,thompsonii
652,770,Pomaderris gilmourii var. cana,Grey Deua Pomaderris,Vulnerable,Na,Yes,Na,Na,Na,Na,Na,Na,Plantae,Magnoliopsida,Rhamnaceae,Pomaderris,gilmourii
653,771,Grevillea acanthifolia subsp. paludosa,Bog Grevillea,Endangered,Na,Yes,Na,Na,Na,Na,Na,Na,Plantae,Magnoliopsida,Proteaceae,Grevillea,acanthifolia
658,777,Allocasuarina defungens,Dwarf Heath Casuarina,Endangered,Na,Yes,Na,Na,Na,Na,Na,Na,Plantae,Magnoliopsida,Casuarinaceae,Allocasuarina,defungens
660,781,Allocasuarina simulans,Nabiac Casuarina,Vulnerable,Na,Yes,Na,Na,Na,Na,Na,Na,Plantae,Magnoliopsida,Casuarinaceae,Allocasuarina,simulans
661,782,Allocasuarina portuensis,Nielsen Park SheNaoak,Endangered,Na,Yes,Na,Na,Na,Na,Na,Na,Plantae,Magnoliopsida,Casuarinaceae,Allocasuarina,portuensis
663,785,Tasmannia glaucifolia,Fragrant Pepperbush,Vulnerable,Na,Yes,Na,Na,Na,Na,Na,Na,Plantae,Magnoliopsida,Winteraceae,Tasmannia,glaucifolia
666,788,Pimelea axiflora subsp. pubescens,Bungonia RiceNaflower,Endangered,Na,Yes,Na,Na,Na,Na,Na,Na,Plantae,Magnoliopsida,Thymelaeaceae,Pimelea,axiflora
668,790,Grevillea beadleana,Beadle's Grevillea,Endangered,Na,Yes,Na,Na,Na,Na,Na,Na,Plantae,Magnoliopsida,Proteaceae,Grevillea,beadleana
670,792,Grevillea iaspicula,Wee Jasper Grevillea,Endangered,Na,Yes,Na,Na,Na,Na,Na,Na,Plantae,Magnoliopsida,Proteaceae,Grevillea,iaspicula
674,798,Pomaderris parrisiae,Parris' Pomaderris,Vulnerable,Na,Yes,Na,Na,Na,Na,Na,Na,Plantae,Magnoliopsida,Rhamnaceae,Pomaderris,parrisiae
677,803,Rhaponticum australe,"Austral Cornflower, Native Thistle",Vulnerable,Na,Yes,Na,Yes,Na,Na,Na,Na,Plantae,Magnoliopsida,Asteraceae,Rhaponticum,australe
678,804,Pterostylis oreophila,"BlueNatongued Orchid, Kiandra Greenhood",Critically Endangered,Yes,Yes,Na,Na,Na,Na,Yes,Na,Plantae,Liliopsida,Orchidaceae,Pterostylis,oreophila
680,806,Grevillea obtusiflora,Grey Grevillea,Endangered,Na,Yes,Na,Na,Na,Na,Na,Na,Plantae,Magnoliopsida,Proteaceae,Grevillea,obtusiflora
687,814,Fontainea australis,Southern Fontainea,Vulnerable,Na,Yes,Na,Yes,Na,Na,Na,Na,Plantae,Magnoliopsida,Euphorbiaceae,Fontainea,australis
688,815,Fontainea oraria,Coastal Fontainea,Critically Endangered,Na,Yes,Na,Na,Na,Na,Na,Na,Plantae,Magnoliopsida,Euphorbiaceae,Fontainea,oraria
702,838,Caladenia tensa,"Greencomb SpiderNaorchid, Rigid SpiderNaorchid",Endangered,Na,Yes,Na,Na,Yes,Na,Yes,Na,Plantae,Liliopsida,Orchidaceae,Caladenia,tensa
709,847,Zieria adenophora,Araluen Zieria,Endangered,Na,Yes,Na,Na,Na,Na,Na,Na,Plantae,Magnoliopsida,Rutaceae,Zieria,adenophora
713,854,Haloragis exalata subsp. exalata,"Wingless Raspwort, Square Raspwort",Vulnerable,Na,Yes,Na,Na,Yes,Na,Yes,Na,Plantae,Magnoliopsida,Haloragaceae,Haloragis,exalata
714,855,Synemon plana,Golden Sun Moth,Critically Endangered,Yes,Yes,Na,Na,Na,Na,Yes,Na,Animalia,Insecta,Castniidae,Synemon,plana
717,858,Gerygone insularis,"Lord Howe Gerygone, Lord Howe Warbler",Extinct,Na,Yes,Na,Na,Na,Na,Na,Na,Animalia,Aves,Pardalotidae,Gerygone,insularis
719,860,Aplonis fusca,Tasman Starling,Extinct,Na,Yes,Na,Na,Na,Na,Na,Na,Animalia,Aves,Sturnidae,Aplonis,fusca
721,862,Zosterops strenuus,Robust WhiteNaeye,Extinct,Na,Yes,Na,Na,Na,Na,Na,Na,Animalia,Aves,Zosteropidae,Zosterops,strenuus
729,870,Anomalopus mackayi,"FiveNaclawed WormNaskink, LongNalegged WormNaskink",Vulnerable,Na,Yes,Na,Yes,Na,Na,Na,Na,Animalia,Reptilia,Scincidae,Anomalopus,mackayi
730,871,Litoria spenceri,Spotted Tree Frog,Endangered,Na,Yes,Na,Na,Na,Na,Yes,Na,Animalia,Amphibia,Hylidae,Litoria,spenceri
731,872,Mixophyes fleayi,Fleay's Frog,Endangered,Na,Yes,Na,Yes,Na,Na,Na,Na,Animalia,Amphibia,Myobatrachidae,Mixophyes,fleayi
738,879,Columba vitiensis godmanae,"Lord Howe WhiteNathroated Pigeon, WhiteNathroated Pigeon (Lord Howe Island)",Extinct,Na,Yes,Na,Na,Na,Na,Na,Na,Animalia,Aves,Columbidae,Columba,vitiensis
740,881,Strepera graculina crissalis,"Lord Howe Island Currawong, Pied Currawong (Lord Howe Island)",Vulnerable,Na,Yes,Na,Na,Na,Na,Na,Na,Animalia,Aves,Artamidae,Strepera,graculina
749,890,Neochmia ruficauda ruficauda,"Star Finch (eastern), Star Finch (southern)",Endangered,Na,Yes,Na,Yes,Na,Na,Na,Na,Animalia,Aves,Ploceidae,Neochmia,ruficauda
750,891,Pterodroma leucoptera leucoptera,"Gould's Petrel, Australian Gould's Petrel",Endangered,Na,Yes,Na,Yes,Yes,Yes,Yes,Na,Animalia,Aves,Procellariidae,Pterodroma,leucoptera
752,893,Cyanoramphus novaezelandiae subflavescens,"Lord Howe Tasman Parakeet, RedNacrowned Parakeet (Lord Howe Island)",Extinct,Na,Yes,Na,Na,Na,Na,Na,Na,Animalia,Aves,Psittacidae,Cyanoramphus,novaezelandiae
753,894,Ninox novaeseelandiae albaria,"Lord Howe Southern Boobook, Lord Howe Boobook Owl",Extinct,Na,Yes,Na,Na,Na,Na,Na,Na,Animalia,Aves,Strigidae,Ninox,novaeseelandiae
759,900,Maccullochella ikei,"Clarence River Cod, Eastern Freshwater Cod",Endangered,Na,Yes,Na,Na,Na,Na,Na,Na,Animalia,Actinopterygii,Percichthyidae,Maccullochella,ikei
760,901,Maccullochella macquariensis,Trout Cod,Endangered,Yes,Yes,Na,Na,Yes,Na,Yes,Na,Animalia,Actinopterygii,Percichthyidae,Maccullochella,macquariensis
766,907,Prototroctes maraena,Australian Grayling,Vulnerable,Na,Yes,Na,Na,Yes,Yes,Yes,Na,Animalia,Actinopterygii,Retropinnidae,Prototroctes,maraena
775,916,Paralucia spinifera,"Bathurst Copper Butterfly, Purple Copper Butterfly, Bathurst Copper, Bathurst Copper Wing, BathurstNaLithgow Copper, Purple Copper",Vulnerable,Na,Yes,Na,Na,Na,Na,Na,Na,Animalia,Insecta,Lycaenidae,Paralucia,spinifera
784,926,Genoplesium plumosum,"Plumed MidgeNaorchid, Tallong Midge Orchid",Endangered,Na,Yes,Na,Na,Na,Na,Na,Na,Plantae,Liliopsida,Orchidaceae,Genoplesium,plumosum
795,937,Pherosphaera fitzgeraldii,Dwarf Mountain Pine,Endangered,Na,Yes,Na,Na,Na,Na,Na,Na,Plantae,Pinatae,Podocarpaceae,Pherosphaera,fitzgeraldii
796,938,Polystichum moorei,Rock Shield Fern,Endangered,Na,Yes,Na,Na,Na,Na,Na,Na,Plantae,Polypodiatae,Dryopteridaceae,Polystichum,moorei
809,956,Endiandra floydii,Floyd's Walnut,Endangered,Na,Yes,Na,Yes,Na,Na,Na,Na,Plantae,Magnoliopsida,Lauraceae,Endiandra,floydii
821,968,Diuris flavescens,"Pale Yellow Doubletail, Wingham Doubletail",Critically Endangered,Na,Yes,Na,Na,Na,Na,Na,Na,Plantae,Liliopsida,Orchidaceae,Diuris,flavescens
823,970,Diuris praecox,Newcastle Doubletail,Vulnerable,Na,Yes,Na,Na,Na,Na,Na,Na,Plantae,Liliopsida,Orchidaceae,Diuris,praecox
824,972,Genoplesium rhyoliticum,Pambula MidgeNaorchid,Endangered,Na,Yes,Na,Na,Na,Na,Na,Na,Plantae,Liliopsida,Orchidaceae,Genoplesium,rhyoliticum
826,974,Prasophyllum petilum,Tarengo Leek Orchid,Endangered,Yes,Yes,Na,Na,Na,Na,Na,Na,Plantae,Liliopsida,Orchidaceae,Prasophyllum,petilum
834,990,Calotis moorei,Moore's BurrNadaisy,Endangered,Na,Yes,Na,Na,Na,Na,Na,Na,Plantae,Magnoliopsida,Asteraceae,Calotis,moorei
840,996,Caladenia xanthochila,YellowNalip SpiderNaorchid,Endangered,Na,Yes,Na,Na,Yes,Na,Yes,Na,Plantae,Liliopsida,Orchidaceae,Caladenia,xanthochila
849,1012,Plectranthus nitidus,"Nightcap Plectranthus, Silver Plectranthus",Endangered,Na,Yes,Na,Yes,Na,Na,Na,Na,Plantae,Magnoliopsida,Lamiaceae,Plectranthus,nitidus
856,1022,Budawangia gnidioides,Budawangs CliffNaheath,Vulnerable,Na,Yes,Na,Na,Na,Na,Na,Na,Plantae,Magnoliopsida,Epacridaceae,Budawangia,gnidioides
860,1029,Angophora robur,Sandstone RoughNabarked Apple,Vulnerable,Na,Yes,Na,Na,Na,Na,Na,Na,Plantae,Magnoliopsida,Myrtaceae,Angophora,robur
861,1031,Eucalyptus parramattensis subsp. decadens,"Earp's Gum, Earp's Dirty Gum",Vulnerable,Na,Yes,Na,Na,Na,Na,Na,Na,Plantae,Magnoliopsida,Myrtaceae,Eucalyptus,parramattensis
862,1032,Eucalyptus parvula,SmallNaleaved Gum,Vulnerable,Na,Yes,Na,Na,Na,Na,Na,Na,Plantae,Magnoliopsida,Myrtaceae,Eucalyptus,parvula
863,1033,Eucalyptus aquatica,"Mountain Swamp Gum, BroadNaleaved Sallee, BroadNaleaved Sally",Vulnerable,Na,Yes,Na,Na,Na,Na,Na,Na,Plantae,Magnoliopsida,Myrtaceae,Eucalyptus,aquatica
865,1035,Eucalyptus caleyi subsp. ovendenii,Ovenden's Ironbark,Vulnerable,Na,Yes,Na,Na,Na,Na,Na,Na,Plantae,Magnoliopsida,Myrtaceae,Eucalyptus,caleyi
866,1037,Ozothamnus vagans,Wollumbin Dogwood,Vulnerable,Na,Yes,Na,Yes,Na,Na,Na,Na,Plantae,Magnoliopsida,Asteraceae,Ozothamnus,vagans
867,1038,Eucalyptus robertsonii subsp. hemisphaerica,Robertson's Peppermint,Vulnerable,Na,Yes,Na,Na,Na,Na,Na,Na,Plantae,Magnoliopsida,Myrtaceae,Eucalyptus,robertsonii
868,1039,Eucalyptus langleyi,Albatross Mallee,Vulnerable,Na,Yes,Na,Na,Na,Na,Na,Na,Plantae,Magnoliopsida,Myrtaceae,Eucalyptus,langleyi
869,1041,Persoonia bargoensis,Bargo Geebung,Vulnerable,Na,Yes,Na,Na,Na,Na,Na,Na,Plantae,Magnoliopsida,Proteaceae,Persoonia,bargoensis
870,1043,Acacia courtii,Northern Brother Wattle,Vulnerable,Na,Yes,Na,Na,Na,Na,Na,Na,Plantae,Magnoliopsida,Fabaceae,Acacia,courtii
871,1044,Boronia umbellata,Orara Boronia,Vulnerable,Na,Yes,Na,Na,Na,Na,Na,Na,Plantae,Magnoliopsida,Rutaceae,Boronia,umbellata
872,1045,Almaleea cambagei,Torrington Pea,Vulnerable,Na,Yes,Na,Yes,Na,Na,Na,Na,Plantae,Magnoliopsida,Fabaceae,Almaleea,cambagei
876,1050,Swainsona pyrophila,Yellow SwainsonNapea,Vulnerable,Na,Yes,Na,Na,Yes,Na,Yes,Na,Plantae,Magnoliopsida,Fabaceae,Swainsona,pyrophila
877,1052,Grevillea wilkinsonii,Tumut Grevillea,Endangered,Na,Yes,Na,Na,Na,Na,Na,Na,Plantae,Magnoliopsida,Proteaceae,Grevillea,wilkinsonii
882,1058,Callistemon forresterae,Forrester's Bottlebrush,Vulnerable,Na,Yes,Na,Na,Na,Na,Yes,Na,Plantae,Magnoliopsida,Myrtaceae,Callistemon,forresterae
901,1079,Zieria citriodora,LemonNascented Zieria,Vulnerable,Na,Yes,Na,Na,Na,Na,Yes,Na,Plantae,Magnoliopsida,Rutaceae,Zieria,citriodora
902,1080,Zieria covenyi,Coveny's Zieria,Endangered,Na,Yes,Na,Na,Na,Na,Na,Na,Plantae,Magnoliopsida,Rutaceae,Zieria,covenyi
903,1081,Zieria formosa,Shapely Zieria,Endangered,Na,Yes,Na,Na,Na,Na,Na,Na,Plantae,Magnoliopsida,Rutaceae,Zieria,formosa
904,1082,Zieria ingramii,Ingram's Zieria,Endangered,Na,Yes,Na,Na,Na,Na,Na,Na,Plantae,Magnoliopsida,Rutaceae,Zieria,ingramii
905,1083,Zieria parrisiae,Parris's Zieria,Critically Endangered,Na,Yes,Na,Na,Na,Na,Na,Na,Plantae,Magnoliopsida,Rutaceae,Zieria,parrisiae
906,1084,Zieria tuberculata,Warty Zieria,Vulnerable,Na,Yes,Na,Na,Na,Na,Na,Na,Plantae,Magnoliopsida,Rutaceae,Zieria,tuberculata
910,1088,Zieria buxijugum,Box Range Zieria,Critically Endangered,Na,Yes,Na,Na,Na,Na,Na,Na,Plantae,Magnoliopsida,Rutaceae,Zieria,buxijugum
919,1100,Zieria baeuerlenii,"Bomaderry Zieria, Bomaderry Creek Zieria",Endangered,Na,Yes,Na,Na,Na,Na,Na,Na,Plantae,Magnoliopsida,Rutaceae,Zieria,baeuerlenii
920,1101,Zieria prostrata,Headland Zieria,Endangered,Na,Yes,Na,Na,Na,Na,Na,Na,Plantae,Magnoliopsida,Rutaceae,Zieria,prostrata
924,1105,Craterocephalus fluviatilis,Murray Hardyhead,Endangered,Na,Yes,Na,Na,Yes,Na,Yes,Na,Animalia,Actinopterygii,Atherinidae,Craterocephalus,fluviatilis
926,1107,Crinia sloanei,Sloane's Froglet,Endangered,Na,Yes,Na,Na,Na,Na,Yes,Na,Animalia,Amphibia,Myobatrachidae,Crinia,sloanei
927,1108,Eulamprus leuraensis,Blue Mountains Water Skink,Endangered,Na,Yes,Na,Na,Na,Na,Na,Na,Animalia,Reptilia,Scincidae,Eulamprus,leuraensis
928,1109,Christinus guentheri,"Lord Howe Island Gecko, Lord Howe Island Southern Gecko ",Vulnerable,Na,Yes,Na,Na,Na,Na,Na,Na,Animalia,Reptilia,Gekkonidae,Christinus,guentheri
929,1110,Furina dunmalli,Dunmall's Snake,Vulnerable,Na,Yes,Na,Yes,Na,Na,Na,Na,Animalia,Reptilia,Elapidae,Furina,dunmalli
930,1111,Natator depressus,Flatback Turtle,Vulnerable,Na,Yes,Yes,Yes,Na,Na,Na,Yes,Animalia,Reptilia,Cheloniidae,Natator,depressus
935,1116,Pezoporus occidentalis,Night Parrot,Endangered,Na,Yes,Yes,Yes,Yes,Na,Na,Yes,Animalia,Aves,Psittacidae,Pezoporus,occidentalis
937,1118,Stipiturus mallee,Mallee EmuNawren,Endangered,Na,Yes,Na,Na,Yes,Na,Yes,Na,Animalia,Aves,Maluridae,Stipiturus,mallee
940,1121,Polytelis anthopeplus monarchoides,Regent Parrot (eastern),Vulnerable,Na,Yes,Na,Na,Yes,Na,Yes,Na,Animalia,Aves,Psittacidae,Polytelis,anthopeplus
941,1122,Coeranoscincus reticulatus,ThreeNatoed SnakeNatooth Skink,Vulnerable,Na,Yes,Na,Yes,Na,Na,Na,Na,Animalia,Reptilia,Scincidae,Coeranoscincus,reticulatus
942,1123,Cyclopsitta diophthalma coxeni,Coxen's FigNaParrot,Endangered,Na,Yes,Na,Yes,Na,Na,Na,Na,Animalia,Aves,Psittacidae,Cyclopsitta,diophthalma
952,1135,Eucalyptus alligatrix subsp. miscella,a stringybark,Vulnerable,Na,Yes,Na,Na,Na,Na,Na,Na,Plantae,Magnoliopsida,Myrtaceae,Eucalyptus,alligatrix
957,1140,Diomedea amsterdamensis,Amsterdam Albatross,Endangered,Na,Yes,Na,Na,Yes,Yes,Yes,Yes,Animalia,Aves,Diomedeidae,Diomedea,amsterdamensis
964,1147,Fregetta grallaria grallaria,"WhiteNabellied StormNaPetrel (Tasman Sea), WhiteNabellied StormNaPetrel (Australasian)",Vulnerable,Na,Yes,Na,Yes,Na,Yes,Yes,Na,Animalia,Aves,Hydrobatidae,Fregetta,grallaria
965,1148,Geophaps scripta scripta,Squatter Pigeon (southern),Vulnerable,Na,Yes,Na,Yes,Na,Na,Na,Na,Animalia,Aves,Columbidae,Geophaps,scripta
971,1154,Poephila cincta cincta,Southern BlackNathroated Finch,Endangered,Na,Yes,Na,Yes,Na,Na,Na,Na,Animalia,Aves,Passeridae,Poephila,cincta
973,1156,Pterodroma neglecta neglecta,Kermadec Petrel (western),Vulnerable,Na,Yes,Na,Yes,Na,Na,Na,Na,Animalia,Aves,Procellariidae,Pterodroma,neglecta
977,1160,Diomedea sanfordi,Northern Royal Albatross,Endangered,Na,Yes,Na,Yes,Yes,Yes,Yes,Yes,Animalia,Aves,Diomedeidae,Diomedea,sanfordi
978,1161,Thalassarche eremita,Chatham Albatross,Endangered,Na,Yes,Na,Yes,Na,Yes,Yes,Na,Animalia,Aves,Diomedeidae,Thalassarche,eremita
979,1162,Diomedea antipodensis,Antipodean Albatross,Vulnerable,Na,Yes,Na,Yes,Yes,Yes,Yes,Yes,Animalia,Aves,Diomedeidae,Diomedea,antipodensis
980,1163,Thalassarche impavida,"Campbell Albatross, Campbell BlackNabrowed Albatross",Vulnerable,Na,Yes,Na,Yes,Yes,Yes,Yes,Yes,Animalia,Aves,Diomedeidae,Thalassarche,impavida
981,1164,Thalassarche bulleri,"Buller's Albatross, Pacific Albatross",Vulnerable,Na,Yes,Na,Yes,Yes,Yes,Yes,Na,Animalia,Aves,Diomedeidae,Thalassarche,bulleri
982,1165,Thalassarche steadi,WhiteNacapped Albatross,Vulnerable,Na,Yes,Na,Yes,Yes,Yes,Yes,Yes,Animalia,Aves,Diomedeidae,Thalassarche,steadi
983,1166,Thalassarche salvini,Salvin's Albatross,Vulnerable,Na,Yes,Na,Yes,Yes,Yes,Yes,Na,Animalia,Aves,Diomedeidae,Thalassarche,salvini
985,1168,Nannoperca oxleyana,Oxleyan Pygmy Perch,Endangered,Na,Yes,Na,Yes,Na,Na,Na,Na,Animalia,Actinopterygii,Percichthyidae,Nannoperca,oxleyana
986,1169,Carcharodon carcharias,"White Shark, Great White Shark",Vulnerable,Na,Yes,Yes,Yes,Yes,Yes,Yes,Yes,Animalia,Chondrichthyes,Lamnidae,Carcharodon,carcharias
1003,1190,Microtis angusii,Angus's Onion Orchid,Endangered,Na,Yes,Na,Na,Na,Na,Na,Na,Plantae,Liliopsida,Orchidaceae,Microtis,angusii
1008,1195,Pterostylis saxicola,Sydney Plains Greenhood,Endangered,Na,Yes,Na,Na,Na,Na,Na,Na,Plantae,Liliopsida,Orchidaceae,Pterostylis,saxicola
1011,1199,Triplarina nowraensis,Nowra HeathNamyrtle,Endangered,Na,Yes,Na,Na,Na,Na,Na,Na,Plantae,Magnoliopsida,Myrtaceae,Triplarina,nowraensis
1012,1200,Wollemia nobilis,Wollemi Pine,Critically Endangered,Na,Yes,Na,Na,Na,Na,Na,Na,Plantae,Pinatae,Araucariaceae,Wollemia,nobilis
1013,1202,Zieria lasiocaulis,Willi Willi Zieria,Endangered,Na,Yes,Na,Na,Na,Na,Na,Na,Plantae,Magnoliopsida,Rutaceae,Zieria,lasiocaulis
1015,1204,Diuris ochroma,Pale Golden Moths,Vulnerable,Na,Yes,Na,Na,Na,Na,Yes,Na,Plantae,Liliopsida,Orchidaceae,Diuris,ochroma
1025,1222,Eucalyptus rubida subsp. barbigerorum,Blackbutt Candlebark,Vulnerable,Na,Yes,Na,Na,Na,Na,Na,Na,Plantae,Magnoliopsida,Myrtaceae,Eucalyptus,rubida
1031,1234,Parsonsia dorrigoensis,Milky Silkpod,Endangered,Na,Yes,Na,Na,Na,Na,Na,Na,Plantae,Magnoliopsida,Apocynaceae,Parsonsia,dorrigoensis
1034,1238,Cyclodomorphus praealtus,Alpine SheNaoak Skink,Endangered,Na,Yes,Na,Na,Na,Na,Yes,Na,Animalia,Reptilia,Scincidae,Cyclodomorphus,praealtus
1035,1239,Litoria littlejohni,"Littlejohn's Tree Frog,  Heath Frog",Vulnerable,Na,Yes,Na,Na,Na,Na,Yes,Na,Animalia,Amphibia,Hylidae,Litoria,littlejohni
1043,1247,Angophora inopina,Charmhaven Apple,Vulnerable,Na,Yes,Na,Na,Na,Na,Na,Na,Plantae,Magnoliopsida,Myrtaceae,Angophora,inopina
1044,1248,Baeckea kandos,a shrub,Endangered,Na,Yes,Na,Na,Na,Na,Na,Na,Plantae,Magnoliopsida,Myrtaceae,Baeckea,kandos
1067,1272,Eucalyptus canobolensis,"SilverNaleaf Candlebark, Mt Canobolas Candlebark",Endangered,Na,Yes,Na,Na,Na,Na,Na,Na,Plantae,Magnoliopsida,Myrtaceae,Eucalyptus,canobolensis
1068,1273,Eucalyptus pachycalyx subsp. banyabba,Banyabba ShinyNabarked Gum,Endangered,Na,Yes,Na,Na,Na,Na,Na,Na,Plantae,Magnoliopsida,Myrtaceae,Eucalyptus,pachycalyx
1070,1276,Euphrasia ruptura,subshrub,Extinct,Na,Yes,Na,Na,Na,Na,Na,Na,Plantae,Magnoliopsida,Scrophulariaceae,Euphrasia,ruptura
1074,1281,Grevillea parviflora subsp. parviflora,SmallNaflower Grevillea,Vulnerable,Na,Yes,Na,Na,Na,Na,Na,Na,Plantae,Magnoliopsida,Proteaceae,Grevillea,parviflora
1081,1291,Leionema sympetalum,Rylstone Bell,Vulnerable,Na,Yes,Na,Na,Na,Na,Na,Na,Plantae,Magnoliopsida,Rutaceae,Leionema,sympetalum
1105,1318,Prostanthera askania,"Tranquillity Mintbush, Tranquility Mintbush",Endangered,Na,Yes,Na,Na,Na,Na,Na,Na,Plantae,Magnoliopsida,Lamiaceae,Prostanthera,askania
1107,1320,Prostanthera junonis,Somersby Mintbush,Endangered,Na,Yes,Na,Na,Na,Na,Na,Na,Plantae,Magnoliopsida,Lamiaceae,Prostanthera,junonis
1108,1321,Pterostylis sp. Botany Bay (A.Bishop J221/1Na13),"Botany Bay Bearded Greenhood, Botany Bay Bearded Orchid",Endangered,Na,Yes,Na,Na,Na,Na,Na,Na,Plantae,Liliopsida,Orchidaceae,Pterostylis,sp. Botany Bay (A.Bishop J221/1Na13)
1142,1360,Diomedea dabbenena,Tristan Albatross,Endangered,Na,Yes,Na,Yes,Yes,Yes,Yes,Yes,Animalia,Aves,Diomedeidae,Diomedea,dabbenena
1143,1361,Thalassarche melanophris,BlackNabrowed Albatross,Vulnerable,Na,Yes,Na,Yes,Yes,Yes,Yes,Yes,Animalia,Aves,Diomedeidae,Thalassarche,melanophris
1144,1362,Thalassarche chrysostoma,GreyNaheaded Albatross,Endangered,Na,Yes,Na,Yes,Yes,Yes,Yes,Yes,Animalia,Aves,Diomedeidae,Thalassarche,chrysostoma
1146,1364,Porphyrio albus,White Gallinule,Extinct,Na,Yes,Na,Na,Na,Na,Na,Na,Animalia,Aves,Rallidae,Porphyrio,albus
1147,1366,Correa lawrenceana var. genoensis,Genoa River Correa,Endangered,Na,Yes,Na,Na,Na,Na,Yes,Na,Plantae,Magnoliopsida,Rutaceae,Correa,lawrenceana
1149,1368,Macquaria australasica,Macquarie Perch,Endangered,Yes,Yes,Na,Na,Yes,Na,Yes,Na,Animalia,Actinopterygii,Percichthyidae,Macquaria,australasica
1150,1369,Maccullochella peelii,Murray Cod,Vulnerable,Yes,Yes,Na,Yes,Yes,Na,Yes,Na,Animalia,Actinopterygii,Percichthyidae,Maccullochella,peelii
1152,1371,Potorous tridactylus tridactylus,LongNanosed Potoroo (SE Mainland),Vulnerable,Na,Yes,Na,Yes,Yes,Yes,Yes,Na,Animalia,Mammalia,Potoroidae,Potorous,tridactylus
1153,1372,Petrogale xanthopus xanthopus,YellowNafooted RockNawallaby (SA and NSW),Vulnerable,Na,Yes,Na,Na,Yes,Na,Na,Na,Animalia,Mammalia,Macropodidae,Petrogale,xanthopus
1157,1376,Perameles bougainville fasciata,"Western Barred Bandicoot (eastern), Liverpool Plains Striped Bandicoot",Extinct,Na,Yes,Na,Na,Na,Na,Na,Na,Animalia,Mammalia,Peramelidae,Perameles,bougainville
1160,1379,Bettongia gaimardi gaimardi,"Eastern Bettong (mainland), Eastern RatNakangaroo",Extinct,Na,Yes,Na,Yes,Yes,Na,Yes,Na,Animalia,Mammalia,Potoroidae,Bettongia,gaimardi
1161,1380,Bettongia lesueur graii,"Boodie (inland), Burrowing Bettong (inland)",Extinct,Na,Yes,Yes,Na,Yes,Na,Na,Yes,Animalia,Mammalia,Potoroidae,Bettongia,lesueur
1162,1381,Bettongia penicillata penicillata,"BrushNatailed Bettong (central and southNaeast), BrushNatailed Bettong (southNaeast mainland)",Extinct,Na,Yes,Yes,Na,Yes,Na,Yes,Yes,Animalia,Mammalia,Potoroidae,Bettongia,penicillata
1163,1382,Bettongia lesueur lesueur,"Burrowing Bettong (Shark Bay), Boodie",Vulnerable,Na,Yes,Na,Na,Yes,Na,Na,Yes,Animalia,Mammalia,Potoroidae,Bettongia,lesueur
1168,1387,Isoodon auratus auratus,Golden Bandicoot (mainland),Vulnerable,Na,Yes,Yes,Na,Yes,Na,Na,Yes,Animalia,Mammalia,Peramelidae,Isoodon,auratus
1171,1390,Litoria verreauxii alpina,"Alpine Tree Frog, Verreaux's Alpine Tree Frog",Vulnerable,Yes,Yes,Na,Na,Na,Na,Yes,Na,Animalia,Amphibia,Hylidae,Litoria,verreauxii
1172,1391,Pseudophryne pengilleyi,Northern Corroboree Frog,Critically Endangered,Yes,Yes,Na,Na,Na,Na,Na,Na,Animalia,Amphibia,Myobatrachidae,Pseudophryne,pengilleyi
1177,1396,Rhincodon typus,Whale Shark,Vulnerable,Na,Yes,Yes,Yes,Na,Yes,Yes,Yes,Animalia,Chondrichthyes,Rhincodontidae,Rhincodon,typus
1178,1397,Acacia carneorum,"Needle Wattle, Dead Finish, PurpleNawood Wattle",Vulnerable,Na,Yes,Na,Na,Yes,Na,Na,Na,Plantae,Magnoliopsida,Fabaceae,Acacia,carneorum
1179,1398,Callitris oblonga,"Pygmy CypressNapine, Pigmy CypressNapine, Dwarf CypressNapine",Vulnerable,Na,Yes,Na,Na,Na,Yes,Na,Na,Plantae,Pinatae,Cupressaceae,Callitris,oblonga
1184,1403,Hakea dohertyi,a shrub,Endangered,Na,Yes,Na,Na,Na,Na,Na,Na,Plantae,Magnoliopsida,Proteaceae,Hakea,dohertyi
1185,1405,Prostanthera palustris,Swamp MintNabush,Vulnerable,Na,Yes,Na,Yes,Na,Na,Na,Na,Plantae,Magnoliopsida,Lamiaceae,Prostanthera,palustris
1186,1407,Rytidosperma pumilum,Feldmark Grass,Vulnerable,Na,Yes,Na,Na,Na,Na,Na,Na,Plantae,Liliopsida,Poaceae,Rytidosperma,pumilum
1188,1409,Tympanocryptis pinguicolla,Grassland Earless Dragon,Endangered,Yes,Yes,Na,Na,Na,Na,Yes,Na,Animalia,Reptilia,Agamidae,Tympanocryptis,pinguicolla
1190,1411,Dryococelus australis,"Lord Howe Island Phasmid, Land Lobster",Critically Endangered,Na,Yes,Na,Na,Na,Na,Na,Na,Animalia,Insecta,Phasmatidae,Dryococelus,australis
1196,1417,Placostylus bivaricosus,"Lord Howe Flax Snail, Lord Howe Placostylus",Endangered,Na,Yes,Na,Na,Na,Na,Na,Na,Animalia,Gastropoda,Bulimulidae,Placostylus,bivaricosus
1197,1418,Thersites mitchellae,Mitchell's Rainforest Snail,Critically Endangered,Na,Yes,Na,Na,Na,Na,Na,Na,Animalia,Gastropoda,Camaenidae,Thersites,mitchellae
1205,1426,Bettongia penicillata ogilbyi,Woylie,Endangered,Na,Yes,Na,Na,Yes,Na,Na,Yes,Animalia,Mammalia,Potoroidae,Bettongia,penicillata
1207,1428,Nyctophilus howensis,"Lord Howe LongNaeared Bat, Lord Howe Island Bat",Extinct,Na,Yes,Na,Na,Na,Na,Na,Na,Animalia,Mammalia,Vespertilionidae,Nyctophilus,howensis
1219,1440,Amytornis barbatus barbatus,"Bulloo Grey Grasswren, Grey Grasswren (Bulloo)",Endangered,Na,Yes,Na,Yes,Yes,Na,Na,Na,Animalia,Aves,Maluridae,Amytornis,barbatus
1225,1446,Rhipidura fuliginosa cervina,"Lord Howe Grey Fantail, Grey Fantail (Lord Howe Island)",Extinct,Na,Yes,Na,Na,Na,Na,Na,Na,Animalia,Aves,Muscicapidae,Rhipidura,fuliginosa
1229,1450,Turdus poliocephalus vinitinctus,"Lord Howe Thrush, VinousNatinted Thrush",Extinct,Na,Yes,Na,Na,Na,Na,Na,Na,Animalia,Aves,Muscicapidae,Turdus,poliocephalus
1230,1451,Davidsonia johnsonii,"Smooth Davidsonia, Smooth Davidson's Plum, SmallNaleaved Davidson's Plum",Endangered,Na,Yes,Na,Yes,Na,Na,Na,Na,Plantae,Magnoliopsida,Cunoniaceae,Davidsonia,johnsonii
1231,1452,Daphnandra johnsonii,Illawarra Socketwood,Endangered,Na,Yes,Na,Na,Na,Na,Na,Na,Plantae,Magnoliopsida,Monimiaceae,Daphnandra,johnsonii
1233,1455,Persoonia pauciflora,North Rothbury Persoonia,Critically Endangered,Na,Yes,Na,Na,Na,Na,Na,Na,Plantae,Magnoliopsida,Proteaceae,Persoonia,pauciflora
1234,1456,Vanvoorstia bennettiana,Bennett's Seaweed,Extinct,Na,Yes,Na,Na,Na,Na,Na,Na,Plantae,Rhodophyceae,Delesseriaceae,Vanvoorstia,bennettiana
1235,1457,Davidsonia jerseyana,Davidson's Plum,Endangered,Na,Yes,Na,Na,Na,Na,Na,Na,Plantae,Magnoliopsida,Cunoniaceae,Davidsonia,jerseyana
1237,1459,Rutidosis leptorhynchoides,Button Wrinklewort,Endangered,Yes,Yes,Na,Na,Na,Na,Yes,Na,Plantae,Magnoliopsida,Asteraceae,Rutidosis,leptorhynchoides
1242,1464,Selaginella andrewsii,Tallebudgera spikemoss,Vulnerable,Na,Yes,Na,Yes,Na,Na,Na,Na,Plantae,Lycopodopiatae,Selaginellaceae,Selaginella,andrewsii
1243,1465,Isoodon obesulus obesulus,"Southern Brown Bandicoot (eastern), Southern Brown Bandicoot (southNaeastern)",Endangered,Na,Yes,Na,Na,Yes,Na,Yes,Na,Animalia,Mammalia,Peramelidae,Isoodon,obesulus
1247,1471,Genoplesium vernale,East Lynne MidgeNaorchid,Vulnerable,Na,Yes,Na,Na,Na,Na,Na,Na,Plantae,Liliopsida,Orchidaceae,Genoplesium,vernale
1251,1475,Pristis zijsron,"Green Sawfish, Dindagubba, Narrowsnout Sawfish",Vulnerable,Na,Yes,Yes,Yes,Na,Na,Na,Yes,Animalia,Chondrichthyes,Pristidae,Pristis,zijsron
1254,1478,Epinephelus daemelii,"Black Rockcod, Black Cod, Saddled Rockcod",Vulnerable,Na,Yes,Na,Yes,Na,Na,Yes,Na,Animalia,Actinopterygii,Serranidae,Epinephelus,daemelii
1255,1479,Galeorhinus galeus,"School Shark, Eastern School Shark, Snapper Shark, Tope, Soupfin Shark",Conservation Dependent,Na,Yes,Na,Yes,Yes,Yes,Yes,Yes,Animalia,Chondrichthyes,Triakidae,Galeorhinus,galeus
1256,1480,Hoplostethus atlanticus,"Orange Roughy, DeepNasea Perch, Red Roughy",Conservation Dependent,Na,Yes,Na,Na,Na,Yes,Na,Na,Animalia,Actinopterygii,Trachichthyidae,Hoplostethus,atlanticus
1257,1481,Prostanthera cryptandroides subsp. cryptandroides,Wollemi MintNabush,Vulnerable,Na,Yes,Na,Na,Na,Na,Na,Na,Plantae,Magnoliopsida,Lamiaceae,Prostanthera,cryptandroides
1259,1483,Baloskion longipes,Dense CordNarush,Vulnerable,Na,Yes,Na,Na,Na,Na,Na,Na,Plantae,Liliopsida,Restionaceae,Baloskion,longipes
1266,1491,Carcharias taurus (east coast population),Grey Nurse Shark (east coast population),Critically Endangered,Na,Yes,Na,Yes,Na,Yes,Yes,Na,Animalia,Chondrichthyes,Carcharhinidae,Carcharias,taurus
1270,1495,Seriolella brama,Blue Warehou,Conservation Dependent,Na,Yes,Na,Yes,Yes,Yes,Yes,Yes,Animalia,Actinopterygii,Centrolophidae,Seriolella,brama
1271,1496,Thunnus maccoyii,Southern Bluefin Tuna,Conservation Dependent,Na,Yes,Na,Yes,Yes,Yes,Yes,Yes,Animalia,Actinopterygii,Scombridae,Thunnus,maccoyii
1273,1498,Dasyurus maculatus maculatus (SE mainland population),"SpotNatailed Quoll, SpottedNatail Quoll, Tiger Quoll (southeastern mainland population)",Endangered,Yes,Yes,Na,Yes,Yes,Na,Yes,Na,Animalia,Mammalia,Dasyuridae,Dasyurus,maculatus
1276,1503,Bidyanus bidyanus,"Silver Perch, Bidyan",Critically Endangered,Yes,Yes,Na,Yes,Yes,Na,Yes,Na,Animalia,Actinopterygii,Terapontidae,Bidyanus,bidyanus
1280,1509,Xerochrysum palustre,"Swamp Everlasting, Swamp Paper Daisy",Vulnerable,Na,Yes,Na,Na,Yes,Yes,Yes,Na,Plantae,Magnoliopsida,Asteraceae,Xerochrysum,palustre
1281,1510,Rexea solandri (eastern Australian population),Eastern Gemfish,Conservation Dependent,Na,Yes,Na,Yes,Na,Yes,Na,Na,Animalia,Actinopterygii,Gempylidae,Rexea,solandri (eastern Australian population)
1282,1511,Eidothea hardeniana,Nightcap Oak,Critically Endangered,Na,Yes,Na,Na,Na,Na,Na,Na,Plantae,Magnoliopsida,Proteaceae,Eidothea,hardeniana
1287,1516,Rostratula australis,Australian Painted Snipe,Endangered,Yes,Yes,Yes,Yes,Yes,Na,Yes,Yes,Animalia,Aves,Rostratulidae,Rostratula,australis
1293,1522,Pomaderris reperta,Denman Pomaderris,Critically Endangered,Na,Yes,Na,Na,Na,Na,Na,Na,Plantae,Magnoliopsida,Rhamnaceae,Pomaderris,reperta
1310,1542,Gossia fragrantissima,"Sweet Myrtle, SmallNaleaved Myrtle",Endangered,Na,Yes,Na,Yes,Na,Na,Na,Na,Plantae,Magnoliopsida,Myrtaceae,Gossia,fragrantissima
1320,1552,Pultenaea elusa,Elusive BushNapea,Endangered,Na,Yes,Na,Na,Na,Na,Na,Na,Plantae,Magnoliopsida,Fabaceae,Pultenaea,elusa
1330,1562,Mystivagor mastersi,Masters' Charopid Land Snail,Critically Endangered,Na,Yes,Na,Na,Na,Na,Na,Na,Animalia,Gastropoda,Charopidae,Mystivagor,mastersi
1331,1563,Pseudocharopa whiteleggei,Whitelegge's Land Snail,Critically Endangered,Na,Yes,Na,Na,Na,Na,Na,Na,Animalia,Gastropoda,Charopidae,Pseudocharopa,whiteleggei
1348,1581,Thelymitra kangaloonica,Kangaloon Sun Orchid,Critically Endangered,Na,Yes,Na,Na,Na,Na,Na,Na,Plantae,Liliopsida,Orchidaceae,Thelymitra,kangaloonica
1351,1585,Prasophyllum sp. Wybong (C.Phelps ORG 5269),a leekNaorchid,Critically Endangered,Na,Yes,Na,Na,Na,Na,Na,Na,Plantae,Liliopsida,Orchidaceae,Prasophyllum,sp. Wybong (C.Phelps ORG 5269)
1359,1595,Oligosoma lichenigera,Lord Howe Island Skink,Vulnerable,Na,Yes,Na,Na,Na,Na,Na,Na,Animalia,Reptilia,Scincidae,Oligosoma,lichenigera
1360,1596,Argyrotegium nitidulum,Shining Cudweed,Vulnerable,Na,Yes,Na,Na,Na,Yes,Yes,Na,Plantae,Magnoliopsida,Asteraceae,Argyrotegium,nitidulum
1362,1598,Melichrus sp. Newfoundland State Forest (P.Gilmour 7852),Hairy Melichrus,Endangered,Na,Yes,Na,Na,Na,Na,Na,Na,Plantae,Magnoliopsida,Epacridaceae,Melichrus,sp. Newfoundland State Forest (P.Gilmour 7852)
1365,1603,Diomedea antipodensis gibsoni,Gibson's Albatross,Vulnerable,Na,Yes,Na,Yes,Yes,Yes,Yes,Yes,Animalia,Aves,Diomedeidae,Diomedea,antipodensis
1366,1604,Thalassarche bulleri platei,"Northern Buller's Albatross, Pacific Albatross",Vulnerable,Na,Yes,Na,Na,Yes,Yes,Yes,Na,Animalia,Aves,Diomedeidae,Thalassarche,bulleri
1369,1608,Anthochaera phrygia,Regent Honeyeater,Critically Endangered,Yes,Yes,Na,Yes,Yes,Na,Yes,Na,Animalia,Aves,Meliphagidae,Anthochaera,phrygia
1405,1648,Gudeoconcha sophiae magnifica,Magnificent Helicarionid Land Snail,Critically Endangered,Na,Yes,Na,Na,Na,Na,Na,Na,Animalia,Gastropoda,Helicarionidae,Gudeoconcha,sophiae
1409,1653,Corunastylis littoralis,Tuncurry Midge Orchid,Critically Endangered,Na,Yes,Na,Na,Na,Na,Na,Na,Plantae,Liliopsida,Orchidaceae,Corunastylis,littoralis
1410,1654,Sternula nereis nereis,Australian Fairy Tern,Vulnerable,Na,Yes,Na,Na,Yes,Yes,Yes,Yes,Animalia,Aves,Laridae,Sternula,nereis
1417,1661,Liopholis guthega,Guthega Skink,Endangered,Na,Yes,Na,Na,Na,Na,Yes,Na,Animalia,Reptilia,Scincidae,Liopholis,guthega
1419,1663,Elaeocarpus sedentarius,Minyon Quandong,Endangered,Na,Yes,Na,Na,Na,Na,Na,Na,Plantae,Magnoliopsida,Elaeocarpaceae,Elaeocarpus,sedentarius
1422,1667,Euastacus dharawalus,Fitzroy Falls Spiny Crayfish,Critically Endangered,Na,Yes,Na,Na,Na,Na,Na,Na,Animalia,Malacostraca,Parastacidae,Euastacus,dharawalus
1436,1682,Nyctophilus corbeni,"Corben's LongNaeared Bat, SouthNaeastern LongNaeared Bat",Vulnerable,Na,Yes,Na,Yes,Yes,Na,Yes,Na,Animalia,Mammalia,Vespertilionidae,Nyctophilus,corbeni
1440,1689,Prasophyllum innubum,Brandy Marys LeekNaorchid,Critically Endangered,Na,Yes,Na,Na,Na,Na,Na,Na,Plantae,Liliopsida,Orchidaceae,Prasophyllum,innubum
1441,1690,Prasophyllum keltonii,Kelton's LeekNaorchid,Critically Endangered,Na,Yes,Na,Na,Na,Na,Na,Na,Plantae,Liliopsida,Orchidaceae,Prasophyllum,keltonii
1449,1698,Myrsine richmondensis,"PurpleNaleaf Muttonwood, Lismore Muttonwood",Endangered,Na,Yes,Na,Na,Na,Na,Na,Na,Plantae,Magnoliopsida,Primulaceae,Myrsine,richmondensis
1454,1704,Pelargonium sp. Striatellum (G.W.Carr 10345),Omeo Stork'sNabill,Endangered,Yes,Yes,Na,Na,Na,Na,Yes,Na,Plantae,Magnoliopsida,Geraniaceae,Pelargonium,sp. Striatellum (G.W.Carr 10345)
1456,1708,Amytornis modestus,ThickNabilled Grasswren,Vulnerable,Na,Yes,Yes,Na,Yes,Na,Na,Na,Animalia,Aves,Maluridae,Amytornis,modestus
1458,1710,Prasophyllum bagoense,Bago LeekNaorchid,Critically Endangered,Na,Yes,Na,Na,Na,Na,Na,Na,Plantae,Liliopsida,Orchidaceae,Prasophyllum,bagoense
1461,1714,Uvidicolus sphyrurus,"Border ThickNatailed Gecko, Granite Belt ThickNatailed Gecko",Vulnerable,Na,Yes,Na,Yes,Na,Na,Na,Na,Animalia,Reptilia,Gekkonidae,Uvidicolus,sphyrurus
1463,1716,Corunastylis insignis,"Wyong Midge Orchid 1, Variable Midge Orchid 1",Critically Endangered,Na,Yes,Na,Na,Na,Na,Na,Na,Plantae,Liliopsida,Orchidaceae,Corunastylis,insignis
1464,1717,Pomaderris walshii,Carrington Falls Pomaderris,Critically Endangered,Na,Yes,Na,Na,Na,Na,Na,Na,Plantae,Magnoliopsida,Rhamnaceae,Pomaderris,walshii
1465,1718,Pterostylis vernalis,Halbury Rustyhood,Critically Endangered,Na,Yes,Na,Na,Na,Na,Na,Na,Plantae,Liliopsida,Orchidaceae,Pterostylis,vernalis
1466,1719,Thelymitra adorata,Wyong Sun Orchid,Critically Endangered,Na,Yes,Na,Na,Na,Na,Na,Na,Plantae,Liliopsida,Orchidaceae,Thelymitra,adorata
1467,1720,Galaxias rostratus,"Flathead Galaxias, Beaked Minnow, FlatNaheaded Galaxias, FlatNaheaded Jollytail, FlatNaheaded Minnow",Critically Endangered,Na,Yes,Na,Na,Yes,Na,Yes,Na,Animalia,Actinopterygii,Galaxiidae,Galaxias,rostratus
1475,1740,Callistemon megalongensis,Megalong Valley Bottlebrush,Critically Endangered,Na,Yes,Na,Na,Na,Na,Na,Na,Plantae,Magnoliopsida,Myrtaceae,Callistemon,megalongensis
1476,1741,"Phascolarctos cinereus (combined populations of Qld, NSW and the ACT)","Koala (combined populations of Queensland, New South Wales and the Australian Capital Territory)",Vulnerable,Yes,Yes,Na,Yes,Na,Na,Na,Na,Animalia,Mammalia,Phascolarctidae,Phascolarctos,"cinereus (combined populations of Qld, NSW and the ACT)"
1477,1742,Sphyrna lewini,Scalloped Hammerhead,Conservation Dependent,Na,Yes,Yes,Yes,Na,Na,Na,Yes,Animalia,Chondrichthyes,Sphyrnidae,Sphyrna,lewini
1478,1743,Pommerhelix duralensis,Dural Land Snail,Endangered,Na,Yes,Na,Na,Na,Na,Na,Na,Animalia,Gastropoda,Camaenidae,Pommerhelix,duralensis
1479,1744,Pseudocharopa ledgbirdi,Mount Lidgbird Charopid Land Snail,Critically Endangered,Na,Yes,Na,Na,Na,Na,Na,Na,Animalia,Gastropoda,Charopidae,Pseudocharopa,ledgbirdi
1483,1748,Wollumbinia belli,"Bell's Turtle, Western Sawshelled Turtle, Namoi River Turtle, Bell's SawNashelled Turtle",Vulnerable,Na,Yes,Na,Yes,Na,Na,Na,Na,Animalia,Reptilia,Chelidae,Wollumbinia,belli
1484,1749,Wollumbinia georgesi,"Georges' Snapping Turtle, Bellinger River Snapping Turtle, Georges Helmeted Turtle",Critically Endangered,Na,Yes,Na,Na,Na,Na,Na,Na,Animalia,Reptilia,Chelidae,Wollumbinia,georgesi
1485,1750,Phyllodes imperialis smithersi,Pink Underwing Moth,Endangered,Na,Yes,Na,Yes,Na,Na,Na,Na,Animalia,Insecta,Noctuidae,Phyllodes,imperialis
1486,1752,Amytornis modestus obscurior,"Grey Range ThickNabilled Grasswren, ThickNabilled Grasswren (northNawest NSW)",Critically Endangered,Na,Yes,Na,Na,Na,Na,Na,Na,Animalia,Aves,Maluridae,Amytornis,modestus
1489,1755,Corunastylis sp. Charmhaven (NSW 896673),Wyong Midge Orchid 2,Critically Endangered,Na,Yes,Na,Na,Na,Na,Na,Na,Plantae,Liliopsida,Orchidaceae,Corunastylis,sp. Charmhaven (NSW 896673)
1496,1762,Limosa lapponica baueri,"BarNatailed Godwit (baueri), Western Alaskan BarNatailed Godwit",Vulnerable,Na,Yes,Yes,Yes,Yes,Yes,Yes,Yes,Animalia,Aves,Scolopacidae,Limosa,lapponica
1499,1770,Limosa lapponica menzbieri,"Northern Siberian BarNatailed Godwit, BarNatailed Godwit (menzbieri)",Critically Endangered,Na,Yes,Yes,Yes,Yes,Yes,Yes,Yes,Animalia,Aves,Scolopacidae,Limosa,lapponica
1514,1788,Androcalva rosea,Sandy Hollow Commersonia,Endangered,Na,Yes,Na,Na,Na,Na,Na,Na,Plantae,Magnoliopsida,Malvaceae,Androcalva,rosea
1519,1795,Gingidia rupicola,"Mountain Angelica, BroadNaleafed Carrot",Endangered,Na,Yes,Na,Na,Na,Na,Na,Na,Plantae,Magnoliopsida,Apiaceae,Gingidia,rupicola
1520,1796,Melichrus sp. Gibberagee (Benwell 97239),NarrowNaleaf Melichrus,Endangered,Na,Yes,Na,Na,Na,Na,Na,Na,Plantae,Magnoliopsida,Ericaceae,Melichrus,sp. Gibberagee (Benwell 97239)
1522,1799,Commersonia prostrata,Dwarf Kerrawang,Endangered,Na,Yes,Na,Na,Na,Na,Yes,Na,Plantae,Magnoliopsida,Malvaceae,Commersonia,prostrata
1523,1801,Pultenaea sp. Genowlan Point (NSW 417813),"Genowlan Point Pultenaea, Genowlan Pultenaea",Critically Endangered,Na,Yes,Na,Na,Na,Na,Na,Na,Plantae,Magnoliopsida,Fabaceae,Pultenaea,sp. Genowlan Point (NSW 417813)
1525,1803,Gaultheria viridicarpa,Green Waxberry,Endangered,Na,Yes,Na,Yes,Na,Na,Na,Na,Plantae,Magnoliopsida,Ericaceae,Gaultheria,viridicarpa
1526,1804,Gaultheria viridicarpa,Green Waxberry,Endangered,Na,Yes,Na,Yes,Na,Na,Na,Na,Plantae,Magnoliopsida,Ericaceae,Gaultheria,viridicarpa
1532,1811,Caladenia attenuata,Duramana Fingers,Critically Endangered,Na,Yes,Na,Na,Na,Na,Na,Na,Plantae,Liliopsida,Orchidaceae,Caladenia,attenuata
1539,1818,Mastacomys fuscus mordicus,"BroadNatoothed Rat (mainland), Tooarrana",Vulnerable,Yes,Yes,Na,Na,Yes,Na,Yes,Na,Animalia,Mammalia,Muridae,Mastacomys,fuscus
1547,1826,Hypotaenidia sylvestris,Lord Howe Woodhen,Endangered,Na,Yes,Na,Na,Na,Na,Na,Na,Animalia,Aves,Rallidae,Hypotaenidia,sylvestris
1556,1838,Anthosachne kingiana subsp. kingiana,Phillip Island Wheat Grass,Critically Endangered,Na,Yes,Na,Na,Na,Na,Na,Na,Plantae,Liliopsida,Poaceae,Anthosachne,kingiana
1561,1843,Argynnis hyperbius inconstans,Australian Fritillary,Critically Endangered,Na,Yes,Na,Yes,Na,Na,Na,Na,Animalia,Insecta,Nymphalidae,Argynnis,hyperbius
1565,1847,Antechinus arktos,BlackNatailed Antechinus,Endangered,Na,Yes,Na,Yes,Na,Na,Na,Na,Animalia,Mammalia,Dasyuridae,Antechinus,arktos
1567,1849,Callistemon purpurascens,a bottlebrush,Critically Endangered,Na,Yes,Na,Na,Na,Na,Na,Na,Plantae,Magnoliopsida,Myrtaceae,Callistemon,purpurascens
1570,1857,Hibbertia spanantha,Julian's Hibbertia,Critically Endangered,Na,Yes,Na,Na,Na,Na,Na,Na,Plantae,Magnoliopsida,Dilleniaceae,Hibbertia,spanantha
1574,1864,Acacia terminalis subsp. terminalis MS,Sunshine Wattle (Sydney region),Endangered,Na,Yes,Na,Na,Na,Na,Na,Na,Plantae,Magnoliopsida,Fabaceae,Acacia,terminalis
1578,1868,Leucochrysum albicans subsp. tricolor,"Hoary Sunray, Grassland PaperNadaisy",Endangered,Yes,Yes,Na,Yes,Na,Yes,Yes,Na,Plantae,Magnoliopsida,Asteraceae,Leucochrysum,albicans
1582,1873,Diomedea epomophora,Southern Royal Albatross,Vulnerable,Na,Yes,Na,Yes,Yes,Yes,Yes,Yes,Animalia,Aves,Diomedeidae,Diomedea,epomophora
1583,1874,Diomedea exulans,Wandering Albatross,Vulnerable,Na,Yes,Na,Yes,Yes,Yes,Yes,Yes,Animalia,Aves,Diomedeidae,Diomedea,exulans
1584,1875,Thalassarche cauta,Shy Albatross,Endangered,Na,Yes,Na,Yes,Yes,Yes,Yes,Yes,Animalia,Aves,Diomedeidae,Thalassarche,cauta
1594,1894,Thinornis cucullatus cucullatus,"Hooded Plover (eastern), Eastern Hooded Plover",Vulnerable,Na,Yes,Na,Na,Yes,Yes,Yes,Na,Animalia,Aves,Charadriidae,Thinornis,cucullatus
