,Scientific_Name,Common_Name,Threatened_Status,Kingdom,Class,Family,Genus,Species
0,Neophoca cinerea,"Australian SeaNalion, Australian Sea Lion",Vulnerable,Animalia,Mammalia,Otariidae,Neophoca,cinerea
1,Mirounga leonina,Southern Elephant Seal,Vulnerable,Animalia,Mammalia,Phocidae,Mirounga,leonina
2,Balaenoptera borealis,Sei Whale,Vulnerable,Animalia,Mammalia,Balaenopteridae,Balaenoptera,borealis
3,Balaenoptera musculus,Blue Whale,Endangered,Animalia,Mammalia,Balaenopteridae,Balaenoptera,musculus
4,Balaenoptera physalus,Fin Whale,Vulnerable,Animalia,Mammalia,Balaenopteridae,Balaenoptera,physalus
5,Megaptera novaeangliae,Humpback Whale,Vulnerable,Animalia,Mammalia,Balaenopteridae,Megaptera,novaeangliae
6,Eubalaena australis,Southern Right Whale,Endangered,Animalia,Mammalia,Balaenidae,Eubalaena,australis
9,Pseudomys shortridgei,"Heath Mouse, Dayang, Heath Rat",Endangered,Animalia,Mammalia,Muridae,Pseudomys,shortridgei
10,Pseudomys fumeus,"Smoky Mouse, Konoom",Endangered,Animalia,Mammalia,Muridae,Pseudomys,fumeus
11,Pseudomys gouldii,"Gould's Mouse, Koontin",Extinct,Animalia,Mammalia,Muridae,Pseudomys,gouldii
17,Pseudomys australis,"Plains Rat, Palyoora, Plains Mouse",Vulnerable,Animalia,Mammalia,Muridae,Pseudomys,australis
18,Pseudomys fieldi,"Shark Bay Mouse, Djoongari, Alice Springs Mouse",Vulnerable,Animalia,Mammalia,Muridae,Pseudomys,fieldi
19,Notomys amplus,"ShortNatailed HoppingNamouse, Yoontoo",Extinct,Animalia,Mammalia,Muridae,Notomys,amplus
21,Notomys fuscus,"Dusky HoppingNamouse, Wilkiniti",Vulnerable,Animalia,Mammalia,Muridae,Notomys,fuscus
22,Notomys longicaudatus,"LongNatailed HoppingNamouse, Koolawa, Talamba",Extinct,Animalia,Mammalia,Muridae,Notomys,longicaudatus
23,Conilurus albipes,"WhiteNafooted RabbitNarat, Parroo, WhiteNafooted TreeNarat",Extinct,Animalia,Mammalia,Muridae,Conilurus,albipes
25,Leporillus apicalis,"Lesser StickNanest Rat,Tjooyalpi, WhiteNatailed StickNanest Rat",Extinct,Animalia,Mammalia,Muridae,Leporillus,apicalis
26,Leporillus conditor,"Wopilkara, Greater StickNanest Rat",Vulnerable,Animalia,Mammalia,Muridae,Leporillus,conditor
27,Macroderma gigas,Ghost Bat,Vulnerable,Animalia,Mammalia,Megadermatidae,Macroderma,gigas
31,Pteropus poliocephalus,GreyNaheaded FlyingNafox,Vulnerable,Animalia,Mammalia,Pteropodidae,Pteropus,poliocephalus
35,Caloprymnus campestris,Desert RatNakangaroo,Extinct,Animalia,Mammalia,Potoroidae,Caloprymnus,campestris
40,Onychogalea fraenata,"Bridled NailNatail Wallaby, Bridled Nailtail Wallaby",Endangered,Animalia,Mammalia,Macropodidae,Onychogalea,fraenata
41,Onychogalea lunata,"Crescent Nailtail Wallaby, Tjawalpa, Wurrung",Extinct,Animalia,Mammalia,Macropodidae,Onychogalea,lunata
43,Lagorchestes leporides,Eastern HareNawallaby,Extinct,Animalia,Mammalia,Macropodidae,Lagorchestes,leporides
47,Perameles eremiana,"Desert Bandicoot, Walilya",Extinct,Animalia,Mammalia,Peramelidae,Perameles,eremiana
48,Macrotis lagotis,Greater Bilby,Vulnerable,Animalia,Mammalia,Thylacomyidae,Macrotis,lagotis
49,Macrotis leucura,"Yallara, Lesser Bilby, Djoonpi",Extinct,Animalia,Mammalia,Thylacomyidae,Macrotis,leucura
50,Sminthopsis psammophila,Sandhill Dunnart,Endangered,Animalia,Mammalia,Dasyuridae,Sminthopsis,psammophila
51,Myrmecobius fasciatus,Numbat,Endangered,Animalia,Mammalia,Myrmecobiidae,Myrmecobius,fasciatus
52,Chaeropus ecaudatus,"PigNafooted Bandicoot, Kanjilpa, Wilalya",Extinct,Animalia,Mammalia,Peramelidae,Chaeropus,ecaudatus
57,Phascogale calura,"RedNatailed Phascogale, RedNatailed Wambenger, Kenngoor",Vulnerable,Animalia,Mammalia,Dasyuridae,Phascogale,calura
58,Dasyuroides byrnei,"Kowari, brushyNatailed marsupial rat, Byrne's crestNatailed marsupial rat ",Vulnerable,Animalia,Mammalia,Dasyuridae,Dasyuroides,byrnei
59,Dasyurus geoffroii,"Chuditch, Western Quoll",Vulnerable,Animalia,Mammalia,Dasyuridae,Dasyurus,geoffroii
61,Dasyurus viverrinus,"Eastern Quoll, Luaner",Endangered,Animalia,Mammalia,Dasyuridae,Dasyurus,viverrinus
66,Manorina melanotis,BlackNaeared Miner,Endangered,Animalia,Aves,Meliphagidae,Manorina,melanotis
67,Grantiella picta,Painted Honeyeater,Vulnerable,Animalia,Aves,Meliphagidae,Grantiella,picta
72,Pachycephala rufogularis,RedNalored Whistler,Vulnerable,Animalia,Aves,Pachycephalidae,Pachycephala,rufogularis
76,Hirundapus caudacutus,WhiteNathroated Needletail,Vulnerable,Animalia,Aves,Apodidae,Hirundapus,caudacutus
80,Lathamus discolor,Swift Parrot,Critically Endangered,Animalia,Aves,Psittacidae,Lathamus,discolor
81,Neophema chrysogaster,OrangeNabellied Parrot,Critically Endangered,Animalia,Aves,Psittacidae,Neophema,chrysogaster
82,Polytelis alexandrae,"Princess Parrot, Alexandra's Parrot",Vulnerable,Animalia,Aves,Psittacidae,Polytelis,alexandrae
84,Numenius madagascariensis,"Eastern Curlew, Far Eastern Curlew",Critically Endangered,Animalia,Aves,Scolopacidae,Numenius,madagascariensis
85,Calidris canutus,"Red Knot, Knot",Endangered,Animalia,Aves,Scolopacidae,Calidris,canutus
86,Calidris ferruginea,Curlew Sandpiper,Critically Endangered,Animalia,Aves,Scolopacidae,Calidris,ferruginea
87,Calidris tenuirostris,Great Knot,Critically Endangered,Animalia,Aves,Scolopacidae,Calidris,tenuirostris
88,Charadrius leschenaultii,"Greater Sand Plover, Large Sand Plover",Vulnerable,Animalia,Aves,Charadriidae,Charadrius,leschenaultii
89,Charadrius mongolus,"Lesser Sand Plover, Mongolian Plover",Endangered,Animalia,Aves,Charadriidae,Charadrius,mongolus
90,Pedionomus torquatus,PlainsNawanderer,Critically Endangered,Animalia,Aves,Pedionomidae,Pedionomus,torquatus
92,Falco hypoleucos,Grey Falcon,Vulnerable,Animalia,Aves,Falconidae,Falco,hypoleucos
93,Leipoa ocellata,Malleefowl,Vulnerable,Animalia,Aves,Megapodiidae,Leipoa,ocellata
95,Botaurus poiciloptilus,Australasian Bittern,Endangered,Animalia,Aves,Ardeidae,Botaurus,poiciloptilus
97,Pterodroma mollis,SoftNaplumaged Petrel,Vulnerable,Animalia,Aves,Procellariidae,Pterodroma,mollis
98,Halobaena caerulea,Blue Petrel,Vulnerable,Animalia,Aves,Procellariidae,Halobaena,caerulea
99,Macronectes giganteus,"Southern GiantNaPetrel, Southern Giant Petrel",Endangered,Animalia,Aves,Procellariidae,Macronectes,giganteus
100,Macronectes halli,Northern Giant Petrel,Vulnerable,Animalia,Aves,Procellariidae,Macronectes,halli
101,Phoebetria fusca,Sooty Albatross,Vulnerable,Animalia,Aves,Diomedeidae,Phoebetria,fusca
107,Tiliqua adelaidensis,"Pygmy BlueNatongue Lizard, Adelaide BlueNatongue Lizard",Endangered,Animalia,Reptilia,Scincidae,Tiliqua,adelaidensis
115,Ophidiocephalus taeniatus,Bronzeback SnakeNalizard,Vulnerable,Animalia,Reptilia,Pygopodidae,Ophidiocephalus,taeniatus
116,Delma impar,"Striped Legless Lizard, Striped SnakeNalizard",Vulnerable,Animalia,Reptilia,Pygopodidae,Delma,impar
119,Aprasia pseudopulchella,Flinders Ranges WormNalizard,Vulnerable,Animalia,Reptilia,Pygopodidae,Aprasia,pseudopulchella
123,Caretta caretta,Loggerhead Turtle,Endangered,Animalia,Reptilia,Cheloniidae,Caretta,caretta
124,Chelonia mydas,Green Turtle,Vulnerable,Animalia,Reptilia,Cheloniidae,Chelonia,mydas
127,Dermochelys coriacea,"Leatherback Turtle, Leathery Turtle, Luth",Endangered,Animalia,Reptilia,Dermochelyidae,Dermochelys,coriacea
137,Litoria raniformis,"Growling Grass Frog, Southern Bell Frog,  Green and Golden Frog, Warty Swamp Frog, Golden Bell Frog",Vulnerable,Animalia,Amphibia,Hylidae,Litoria,raniformis
156,Beyeria subtecta,Kangaroo Island Turpentine Bush,Vulnerable,Plantae,Magnoliopsida,Euphorbiaceae,Beyeria,subtecta
163,Prasophyllum goldsackii,Goldsack's LeekNaorchid,Endangered,Plantae,Liliopsida,Orchidaceae,Prasophyllum,goldsackii
168,Eleocharis papillosa,Dwarf Desert SpikeNarush,Vulnerable,Plantae,Liliopsida,Cyperaceae,Eleocharis,papillosa
170,Prostanthera eurybioides,Monarto Mintbush,Endangered,Plantae,Magnoliopsida,Lamiaceae,Prostanthera,eurybioides
184,Cheiranthera volubilis,Twining FingerNaflower,Vulnerable,Plantae,Magnoliopsida,Pittosporaceae,Cheiranthera,volubilis
194,Asterolasia phebalioides,Downy StarNabush,Vulnerable,Plantae,Magnoliopsida,Rutaceae,Asterolasia,phebalioides
196,Euphrasia collina subsp. osbornii,Osborn's Eyebright,Endangered,Plantae,Magnoliopsida,Scrophulariaceae,Euphrasia,collina
199,Ptilotus beckerianus,Ironstone Mulla Mulla,Vulnerable,Plantae,Magnoliopsida,Amaranthaceae,Ptilotus,beckerianus
203,Caladenia ovata,Kangaroo Island SpiderNaorchid,Vulnerable,Plantae,Liliopsida,Orchidaceae,Caladenia,ovata
207,Thelymitra matthewsii,Spiral SunNaorchid,Vulnerable,Plantae,Liliopsida,Orchidaceae,Thelymitra,matthewsii
230,Acacia pinguifolia,"FatNaleaved Wattle,  FatNaleaf Wattle",Endangered,Plantae,Magnoliopsida,Fabaceae,Acacia,pinguifolia
233,Caladenia concolor,"Crimson SpiderNaorchid, Maroon SpiderNaorchid",Vulnerable,Plantae,Liliopsida,Orchidaceae,Caladenia,concolor
255,Pterostylis despectans,Lowly Greenhood,Endangered,Plantae,Liliopsida,Orchidaceae,Pterostylis,despectans
265,Spyridium coactilifolium,Butterfly Spyridium,Vulnerable,Plantae,Magnoliopsida,Rhamnaceae,Spyridium,coactilifolium
270,Limosella granitica,Granite Mudwort,Vulnerable,Plantae,Magnoliopsida,Scrophulariaceae,Limosella,granitica
271,Swainsona murrayana,"Slender DarlingNapea, Slender Swainson, Murray SwainsonNapea",Vulnerable,Plantae,Magnoliopsida,Fabaceae,Swainsona,murrayana
276,Prostanthera nudula,Mount Illbilie Mintbush,Vulnerable,Plantae,Magnoliopsida,Lamiaceae,Prostanthera,nudula
277,Phebalium lowanense,Lowan Phebalium,Vulnerable,Plantae,Magnoliopsida,Rutaceae,Phebalium,lowanense
281,Correa calycina,Hindmarsh Correa,Vulnerable,Plantae,Magnoliopsida,Rutaceae,Correa,calycina
294,Eriocaulon australasicum,"Austral Pipewort, Southern Pipewort",Endangered,Plantae,Liliopsida,Eriocaulaceae,Eriocaulon,australasicum
298,Solanum karsense,Menindee Nightshade,Vulnerable,Plantae,Magnoliopsida,Solanaceae,Solanum,karsense
303,Pterostylis xerophila,Desert Greenhood,Vulnerable,Plantae,Liliopsida,Orchidaceae,Pterostylis,xerophila
305,Caladenia gladiolata,"Bayonet SpiderNaorchid, Clubbed SpiderNaorchid",Endangered,Plantae,Liliopsida,Orchidaceae,Caladenia,gladiolata
311,Acacia peuce,"Waddy, Waddi, WaddyNawood, Birdsville Wattle",Vulnerable,Plantae,Magnoliopsida,Fabaceae,Acacia,peuce
321,Haloragis eyreana,Prickly Raspwort,Endangered,Plantae,Magnoliopsida,Haloragaceae,Haloragis,eyreana
326,Acacia glandulicarpa,HairyNapod Wattle,Vulnerable,Plantae,Magnoliopsida,Fabaceae,Acacia,glandulicarpa
331,Lepidium monoplocoides,Winged PepperNacress,Endangered,Plantae,Magnoliopsida,Brassicaceae,Lepidium,monoplocoides
334,Acacia menzelii,Menzel's Wattle,Vulnerable,Plantae,Magnoliopsida,Fabaceae,Acacia,menzelii
343,Prostanthera calycina,"West Coast Mintbush, Limestone Mintbush, Red Mintbush",Vulnerable,Plantae,Magnoliopsida,Lamiaceae,Prostanthera,calycina
348,Prasophyllum frenchii,"Maroon LeekNaorchid, Slaty LeekNaorchid, Stout LeekNaorchid, French's LeekNaorchid, Swamp LeekNaorchid",Endangered,Plantae,Liliopsida,Orchidaceae,Prasophyllum,frenchii
355,Caladenia calcicola,Limestone SpiderNaorchid,Vulnerable,Plantae,Liliopsida,Orchidaceae,Caladenia,calcicola
361,Prasophyllum validum,"Sturdy LeekNaorchid, Mount Remarkable LeekNaorchid",Vulnerable,Plantae,Liliopsida,Orchidaceae,Prasophyllum,validum
362,Pultenaea villifera var. glabrescens,"Yellow BushNapea, Splendid BushNapea",Vulnerable,Plantae,Magnoliopsida,Fabaceae,Pultenaea,villifera
370,Eriocaulon carsonii,"Salt Pipewort, Button Grass",Endangered,Plantae,Liliopsida,Eriocaulaceae,Eriocaulon,carsonii
372,Acacia cretacea,Chalky Wattle,Endangered,Plantae,Magnoliopsida,Fabaceae,Acacia,cretacea
388,Caladenia behrii,PinkNalipped SpiderNaorchid,Endangered,Plantae,Liliopsida,Orchidaceae,Caladenia,behrii
391,Acacia rhetinocarpa,"Neat Wattle, Resin Wattle (SA)",Vulnerable,Plantae,Magnoliopsida,Fabaceae,Acacia,rhetinocarpa
396,Lepidium pseudopapillosum,Erect PepperNacress,Vulnerable,Plantae,Magnoliopsida,Brassicaceae,Lepidium,pseudopapillosum
397,Caladenia audasii,"McIvor SpiderNaorchid, Audas' SpiderNaorchid",Endangered,Plantae,Liliopsida,Orchidaceae,Caladenia,audasii
402,Prasophyllum pruinosum,Plum LeekNaorchid,Endangered,Plantae,Liliopsida,Orchidaceae,Prasophyllum,pruinosum
406,Thelymitra epipactoides,Metallic SunNaorchid,Endangered,Plantae,Liliopsida,Orchidaceae,Thelymitra,epipactoides
407,Dodonaea subglandulifera,Peep Hill HopNabush,Endangered,Plantae,Magnoliopsida,Sapindaceae,Dodonaea,subglandulifera
412,Dodonaea procumbens,Trailing HopNabush,Vulnerable,Plantae,Magnoliopsida,Sapindaceae,Dodonaea,procumbens
416,Olearia pannosa subsp. pannosa,"Silver DaisyNabush, SilverNaleaved Daisy, Velvet DaisyNabush",Vulnerable,Plantae,Magnoliopsida,Asteraceae,Olearia,pannosa
424,Pultenaea trichophylla,Tufted BushNapea,Endangered,Plantae,Magnoliopsida,Fabaceae,Pultenaea,trichophylla
429,Senecio georgianus,Grey Groundsel,Extinct,Plantae,Magnoliopsida,Asteraceae,Senecio,georgianus
431,Logania insularis,Kangaroo Island Logania,Vulnerable,Plantae,Magnoliopsida,Loganiaceae,Logania,insularis
435,Pterostylis tenuissima,"Swamp Greenhood, Dainty Swamp Orchid",Vulnerable,Plantae,Liliopsida,Orchidaceae,Pterostylis,tenuissima
438,Senecio megaglossus,Superb Groundsel,Vulnerable,Plantae,Magnoliopsida,Asteraceae,Senecio,megaglossus
440,Caladenia rigida,Stiff White SpiderNaorchid,Endangered,Plantae,Liliopsida,Orchidaceae,Caladenia,rigida
449,Spyridium eriocephalum var. glabrisepalum,MacGillivray Spyridium,Vulnerable,Plantae,Magnoliopsida,Rhamnaceae,Spyridium,eriocephalum
452,Glycine latrobeana,"Clover Glycine, Purple Clover",Vulnerable,Plantae,Magnoliopsida,Fabaceae,Glycine,latrobeana
458,Senecio behrianus,"Stiff Groundsel, Behr's Groundsel",Endangered,Plantae,Magnoliopsida,Asteraceae,Senecio,behrianus
464,Acacia latzii,Latz's Wattle,Vulnerable,Plantae,Magnoliopsida,Fabaceae,Acacia,latzii
484,Hibbertia crispula,Ooldea GuineaNaflower,Vulnerable,Plantae,Magnoliopsida,Dilleniaceae,Hibbertia,crispula
491,Pterostylis cucullata,Leafy Greenhood,Vulnerable,Plantae,Liliopsida,Orchidaceae,Pterostylis,cucullata
506,Euphrasia collina subsp. muelleri,"Purple Eyebright, Mueller's Eyebright",Endangered,Plantae,Magnoliopsida,Scrophulariaceae,Euphrasia,collina
510,Senecio macrocarpus,"LargeNafruit Fireweed, LargeNafruit Groundsel",Vulnerable,Plantae,Magnoliopsida,Asteraceae,Senecio,macrocarpus
512,Allocasuarina robusta,Mount Compass OakNabush,Endangered,Plantae,Magnoliopsida,Casuarinaceae,Allocasuarina,robusta
537,Acacia pickardii,Birds Nest Wattle,Vulnerable,Plantae,Magnoliopsida,Fabaceae,Acacia,pickardii
543,Veronica parnkalliana,Port Lincoln Speedwell,Endangered,Plantae,Magnoliopsida,Plantaginaceae,Veronica,parnkalliana
544,Acacia enterocarpa,JumpingNajack Wattle,Endangered,Plantae,Magnoliopsida,Fabaceae,Acacia,enterocarpa
547,Acanthocladium dockeri,"Spiny Everlasting, Spiny Daisy",Critically Endangered,Plantae,Magnoliopsida,Asteraceae,Acanthocladium,dockeri
551,Stackhousia annua,"Annual Stackhousia, Annual Candles",Vulnerable,Plantae,Magnoliopsida,Stackhousiaceae,Stackhousia,annua
553,Pterostylis arenicola,Sandhill Greenhood Orchid,Vulnerable,Plantae,Liliopsida,Orchidaceae,Pterostylis,arenicola
572,Brachyscome muelleri,Corunna Daisy,Endangered,Plantae,Magnoliopsida,Asteraceae,Brachyscome,muelleri
574,Grevillea treueriana,"Mt Finke Grevillea, Scarlet Grevillea",Vulnerable,Plantae,Magnoliopsida,Proteaceae,Grevillea,treueriana
578,Amphibromus fluitans,"River Swamp WallabyNagrass, Floating Swamp WallabyNagrass",Vulnerable,Plantae,Liliopsida,Poaceae,Amphibromus,fluitans
583,Codonocarpus pyramidalis,"Slender BellNafruit, Camel Poison",Vulnerable,Plantae,Magnoliopsida,Gyrostemonaceae,Codonocarpus,pyramidalis
600,Prasophyllum pallidum,Pale LeekNaorchid,Vulnerable,Plantae,Liliopsida,Orchidaceae,Prasophyllum,pallidum
609,Acacia araneosa,"Spidery Wattle, Balcanoona Wattle",Vulnerable,Plantae,Magnoliopsida,Fabaceae,Acacia,araneosa
617,Pleuropappus phyllocalymmeus,Silver Candles,Vulnerable,Plantae,Magnoliopsida,Asteraceae,Pleuropappus,phyllocalymmeus
632,Olearia microdisca,SmallNaflowered DaisyNabush,Endangered,Plantae,Magnoliopsida,Asteraceae,Olearia,microdisca
633,Ixodia achillaeoides subsp. arenicola,"Sand Ixodia, Ixodia",Vulnerable,Plantae,Magnoliopsida,Asteraceae,Ixodia,achillaeoides
656,Cassinia rugata,"Wrinkled Cassinia, Wrinkled Dollybush",Vulnerable,Plantae,Magnoliopsida,Asteraceae,Cassinia,rugata
662,Pomaderris halmaturina subsp. halmaturina,Kangaroo Island Pomaderris,Vulnerable,Plantae,Magnoliopsida,Rhamnaceae,Pomaderris,halmaturina
697,Caladenia formosa,"Elegant SpiderNaorchid, BloodNared SpiderNaorchid",Vulnerable,Plantae,Liliopsida,Orchidaceae,Caladenia,formosa
698,Caladenia fulva,Tawny SpiderNaorchid,Endangered,Plantae,Liliopsida,Orchidaceae,Caladenia,fulva
700,Caladenia lowanensis,Wimmera SpiderNaorchid,Endangered,Plantae,Liliopsida,Orchidaceae,Caladenia,lowanensis
702,Caladenia tensa,"Greencomb SpiderNaorchid, Rigid SpiderNaorchid",Endangered,Plantae,Liliopsida,Orchidaceae,Caladenia,tensa
704,Caladenia versicolor,Candy SpiderNaorchid,Vulnerable,Plantae,Liliopsida,Orchidaceae,Caladenia,versicolor
713,Haloragis exalata subsp. exalata,"Wingless Raspwort, Square Raspwort",Vulnerable,Plantae,Magnoliopsida,Haloragaceae,Haloragis,exalata
735,Calyptorhynchus banksii graptogyne,SouthNaeastern RedNatailed BlackNaCockatoo,Endangered,Animalia,Aves,Cacatuidae,Calyptorhynchus,banksii
743,Stipiturus malachurus intermedius,"Fleurieu Peninsula Southern EmuNawren, Mount Lofty Southern EmuNawren",Endangered,Animalia,Aves,Maluridae,Stipiturus,malachurus
744,Stipiturus malachurus parimeda,Southern EmuNawren (Eyre Peninsula),Vulnerable,Animalia,Aves,Maluridae,Stipiturus,malachurus
750,Pterodroma leucoptera leucoptera,"Gould's Petrel, Australian Gould's Petrel",Endangered,Animalia,Aves,Procellariidae,Pterodroma,leucoptera
760,Maccullochella macquariensis,Trout Cod,Endangered,Animalia,Actinopterygii,Percichthyidae,Maccullochella,macquariensis
764,Nannoperca obscura,Yarra Pygmy Perch,Vulnerable,Animalia,Actinopterygii,Percichthyidae,Nannoperca,obscura
765,Nannoperca variegata,"Variegated Pygmy Perch, Ewens Pygmy Perch, Golden Pygmy Perch",Vulnerable,Animalia,Actinopterygii,Percichthyidae,Nannoperca,variegata
766,Prototroctes maraena,Australian Grayling,Vulnerable,Animalia,Actinopterygii,Retropinnidae,Prototroctes,maraena
769,Dromaius baudinianus,Kangaroo Island Emu,Extinct,Animalia,Aves,Dromaiidae,Dromaius,baudinianus
788,Acacia spilleriana,Spiller's Wattle,Endangered,Plantae,Magnoliopsida,Fabaceae,Acacia,spilleriana
805,Calochilus cupreus,Copper Beard Orchid,Critically Endangered,Plantae,Liliopsida,Orchidaceae,Calochilus,cupreus
810,Caladenia argocalla,WhiteNabeauty SpiderNaorchid,Endangered,Plantae,Liliopsida,Orchidaceae,Caladenia,argocalla
811,Caladenia brumalis,Winter SpiderNaorchid,Vulnerable,Plantae,Liliopsida,Orchidaceae,Caladenia,brumalis
812,Caladenia colorata,"Coloured SpiderNaorchid, Small Western SpiderNaorchid, Painted SpiderNaorchid",Endangered,Plantae,Liliopsida,Orchidaceae,Caladenia,colorata
813,Caladenia conferta,Coast SpiderNaorchid,Endangered,Plantae,Liliopsida,Orchidaceae,Caladenia,conferta
814,Caladenia macroclavia,LargeNaclub SpiderNaorchid,Endangered,Plantae,Liliopsida,Orchidaceae,Caladenia,macroclavia
815,Caladenia richardsiorum,Little Dip SpiderNaorchid,Endangered,Plantae,Liliopsida,Orchidaceae,Caladenia,richardsiorum
816,Caladenia woolcockiorum,Woolcock's SpiderNaorchid,Vulnerable,Plantae,Liliopsida,Orchidaceae,Caladenia,woolcockiorum
817,Caladenia xantholeuca,"White Rabbits, Flinders Ranges White Caladenia",Endangered,Plantae,Liliopsida,Orchidaceae,Caladenia,xantholeuca
818,Corybas dentatus,"Toothed HelmetNaorchid, Finniss HelmetNaorchid",Vulnerable,Plantae,Liliopsida,Orchidaceae,Corybas,dentatus
819,Dipodium campanulatum,Bell Flower Hyacinth Orchid,Endangered,Plantae,Liliopsida,Orchidaceae,Dipodium,campanulatum
828,Prasophyllum spicatum,Dense LeekNaorchid,Vulnerable,Plantae,Liliopsida,Orchidaceae,Prasophyllum,spicatum
833,Acacia praemorsa,Senna Wattle,Vulnerable,Plantae,Magnoliopsida,Fabaceae,Acacia,praemorsa
840,Caladenia xanthochila,YellowNalip SpiderNaorchid,Endangered,Plantae,Liliopsida,Orchidaceae,Caladenia,xanthochila
876,Swainsona pyrophila,Yellow SwainsonNapea,Vulnerable,Plantae,Magnoliopsida,Fabaceae,Swainsona,pyrophila
884,Pterostylis cheraphila,Floodplain Rustyhood,Vulnerable,Plantae,Liliopsida,Orchidaceae,Pterostylis,cheraphila
885,Pterostylis chlorogramma,GreenNastriped Greenhood,Vulnerable,Plantae,Liliopsida,Orchidaceae,Pterostylis,chlorogramma
923,Galaxiella pusilla,"Eastern Dwarf Galaxias, Dwarf Galaxias",Vulnerable,Animalia,Actinopterygii,Galaxiidae,Galaxiella,pusilla
924,Craterocephalus fluviatilis,Murray Hardyhead,Endangered,Animalia,Actinopterygii,Atherinidae,Craterocephalus,fluviatilis
935,Pezoporus occidentalis,Night Parrot,Endangered,Animalia,Aves,Psittacidae,Pezoporus,occidentalis
937,Stipiturus mallee,Mallee EmuNawren,Endangered,Animalia,Aves,Maluridae,Stipiturus,mallee
940,Polytelis anthopeplus monarchoides,Regent Parrot (eastern),Vulnerable,Animalia,Aves,Psittacidae,Polytelis,anthopeplus
950,Eucalyptus paludicola,"Mount Compass Swamp Gum, Fleurieu Swamp Gum, Marsh Gum",Endangered,Plantae,Magnoliopsida,Myrtaceae,Eucalyptus,paludicola
957,Diomedea amsterdamensis,Amsterdam Albatross,Endangered,Animalia,Aves,Diomedeidae,Diomedea,amsterdamensis
962,Calyptorhynchus lathami halmaturinus,"Glossy BlackNaCockatoo (Kangaroo Island), Glossy BlackNaCockatoo (South Australian)",Endangered,Animalia,Aves,Cacatuidae,Calyptorhynchus,lathami
976,Amytornis textilis myall,Western Grasswren (Gawler Ranges),Vulnerable,Animalia,Aves,Maluridae,Amytornis,textilis
977,Diomedea sanfordi,Northern Royal Albatross,Endangered,Animalia,Aves,Diomedeidae,Diomedea,sanfordi
979,Diomedea antipodensis,Antipodean Albatross,Vulnerable,Animalia,Aves,Diomedeidae,Diomedea,antipodensis
980,Thalassarche impavida,"Campbell Albatross, Campbell BlackNabrowed Albatross",Vulnerable,Animalia,Aves,Diomedeidae,Thalassarche,impavida
981,Thalassarche bulleri,"Buller's Albatross, Pacific Albatross",Vulnerable,Animalia,Aves,Diomedeidae,Thalassarche,bulleri
982,Thalassarche steadi,WhiteNacapped Albatross,Vulnerable,Animalia,Aves,Diomedeidae,Thalassarche,steadi
983,Thalassarche salvini,Salvin's Albatross,Vulnerable,Animalia,Aves,Diomedeidae,Thalassarche,salvini
984,Thalassarche carteri,Indian YellowNanosed  Albatross,Vulnerable,Animalia,Aves,Diomedeidae,Thalassarche,carteri
986,Carcharodon carcharias,"White Shark, Great White Shark",Vulnerable,Animalia,Chondrichthyes,Lamnidae,Carcharodon,carcharias
993,Acacia whibleyana,"Whibley Wattle, Whibley's Wattle",Endangered,Plantae,Magnoliopsida,Fabaceae,Acacia,whibleyana
1009,Pterostylis sp. Hale (R.Bates 21725),Hale Dwarf Greenhood,Endangered,Plantae,Liliopsida,Orchidaceae,Pterostylis,sp. Hale (R.Bates 21725)
1080,Leionema equestre,Kangaroo Island Phebalium,Endangered,Plantae,Magnoliopsida,Rutaceae,Leionema,equestre
1111,Senecio psilocarpus,"Swamp Fireweed, SmoothNafruited Groundsel",Vulnerable,Plantae,Magnoliopsida,Asteraceae,Senecio,psilocarpus
1142,Diomedea dabbenena,Tristan Albatross,Endangered,Animalia,Aves,Diomedeidae,Diomedea,dabbenena
1143,Thalassarche melanophris,BlackNabrowed Albatross,Vulnerable,Animalia,Aves,Diomedeidae,Thalassarche,melanophris
1144,Thalassarche chrysostoma,GreyNaheaded Albatross,Endangered,Animalia,Aves,Diomedeidae,Thalassarche,chrysostoma
1148,Perameles bougainville bougainville,Western Barred Bandicoot (Shark Bay),Endangered,Animalia,Mammalia,Peramelidae,Perameles,bougainville
1149,Macquaria australasica,Macquarie Perch,Endangered,Animalia,Actinopterygii,Percichthyidae,Macquaria,australasica
1150,Maccullochella peelii,Murray Cod,Vulnerable,Animalia,Actinopterygii,Percichthyidae,Maccullochella,peelii
1152,Potorous tridactylus tridactylus,LongNanosed Potoroo (SE Mainland),Vulnerable,Animalia,Mammalia,Potoroidae,Potorous,tridactylus
1153,Petrogale xanthopus xanthopus,YellowNafooted RockNawallaby (SA and NSW),Vulnerable,Animalia,Mammalia,Macropodidae,Petrogale,xanthopus
1155,Petrogale lateralis MacDonnell Ranges race,"Warru, BlackNafooted RockNawallaby (MacDonnell Ranges race)",Vulnerable,Animalia,Mammalia,Macropodidae,Petrogale,lateralis
1159,Lagorchestes hirsutus hirsutus,"Rufous HareNawallaby (southNawestern), Woorap",Extinct,Animalia,Mammalia,Macropodidae,Lagorchestes,hirsutus
1160,Bettongia gaimardi gaimardi,"Eastern Bettong (mainland), Eastern RatNakangaroo",Extinct,Animalia,Mammalia,Potoroidae,Bettongia,gaimardi
1161,Bettongia lesueur graii,"Boodie (inland), Burrowing Bettong (inland)",Extinct,Animalia,Mammalia,Potoroidae,Bettongia,lesueur
1162,Bettongia penicillata penicillata,"BrushNatailed Bettong (central and southNaeast), BrushNatailed Bettong (southNaeast mainland)",Extinct,Animalia,Mammalia,Potoroidae,Bettongia,penicillata
1163,Bettongia lesueur lesueur,"Burrowing Bettong (Shark Bay), Boodie",Vulnerable,Animalia,Mammalia,Potoroidae,Bettongia,lesueur
1168,Isoodon auratus auratus,Golden Bandicoot (mainland),Vulnerable,Animalia,Mammalia,Peramelidae,Isoodon,auratus
1170,Isoodon obesulus nauticus,Southern Brown Bandicoot (Nuyts Archipelago),Vulnerable,Animalia,Mammalia,Peramelidae,Isoodon,obesulus
1178,Acacia carneorum,"Needle Wattle, Dead Finish, PurpleNawood Wattle",Vulnerable,Plantae,Magnoliopsida,Fabaceae,Acacia,carneorum
1180,Mogurnda clivicola,"Flinders Ranges Mogurnda, Flinders Ranges PurpleNaspotted Gudgeon",Vulnerable,Animalia,Actinopterygii,Eleotridae,Mogurnda,clivicola
1205,Bettongia penicillata ogilbyi,Woylie,Endangered,Animalia,Mammalia,Potoroidae,Bettongia,penicillata
1219,Amytornis barbatus barbatus,"Bulloo Grey Grasswren, Grey Grasswren (Bulloo)",Endangered,Animalia,Aves,Maluridae,Amytornis,barbatus
1220,Acanthiza iredalei rosinae,SlenderNabilled Thornbill (Gulf St Vincent),Vulnerable,Animalia,Aves,Pardalotidae,Acanthiza,iredalei
1224,Cinclosoma punctatum anachoreta,"Mt Lofty Ranges Spotted QuailNathrush, Spotted QuailNathrush (Mt Lofty Ranges)",Critically Endangered,Animalia,Aves,Psophodidae,Cinclosoma,punctatum
1227,Zoothera lunulata halmaturina,Bassian Thrush (South Australian),Vulnerable,Animalia,Aves,Muscicapidae,Zoothera,lunulata
1243,Isoodon obesulus obesulus,"Southern Brown Bandicoot (eastern), Southern Brown Bandicoot (southNaeastern)",Endangered,Animalia,Mammalia,Peramelidae,Isoodon,obesulus
1255,Galeorhinus galeus,"School Shark, Eastern School Shark, Snapper Shark, Tope, Soupfin Shark",Conservation Dependent,Animalia,Chondrichthyes,Triakidae,Galeorhinus,galeus
1270,Seriolella brama,Blue Warehou,Conservation Dependent,Animalia,Actinopterygii,Centrolophidae,Seriolella,brama
1271,Thunnus maccoyii,Southern Bluefin Tuna,Conservation Dependent,Animalia,Actinopterygii,Scombridae,Thunnus,maccoyii
1273,Dasyurus maculatus maculatus (SE mainland population),"SpotNatailed Quoll, SpottedNatail Quoll, Tiger Quoll (southeastern mainland population)",Endangered,Animalia,Mammalia,Dasyuridae,Dasyurus,maculatus
1274,Pterostylis bryophila,Hindmarsh Valley Greenhood,Critically Endangered,Plantae,Liliopsida,Orchidaceae,Pterostylis,bryophila
1276,Bidyanus bidyanus,"Silver Perch, Bidyan",Critically Endangered,Animalia,Actinopterygii,Terapontidae,Bidyanus,bidyanus
1279,Caladenia ornata,Ornate Pink Fingers,Vulnerable,Plantae,Liliopsida,Orchidaceae,Caladenia,ornata
1280,Xerochrysum palustre,"Swamp Everlasting, Swamp Paper Daisy",Vulnerable,Plantae,Magnoliopsida,Asteraceae,Xerochrysum,palustre
1287,Rostratula australis,Australian Painted Snipe,Endangered,Animalia,Aves,Rostratulidae,Rostratula,australis
1298,Lachnagrostis limitanea,"Spalding Blown Grass, Spalding Blowngrass",Endangered,Plantae,Liliopsida,Poaceae,Lachnagrostis,limitanea
1327,Calamanthus pyrrhopygius parkeri,ChestnutNarumped Heathwren (Mt Lofty Ranges),Endangered,Animalia,Aves,Acanthizidae,Calamanthus,pyrrhopygius
1329,Psophodes leucogaster leucogaster,Mallee Whipbird,Vulnerable,Animalia,Aves,Psophodidae,Psophodes,leucogaster
1338,Euastacus bispinosus,"Glenelg Spiny Freshwater Crayfish, Pricklyback",Endangered,Animalia,Malacostraca,Parastacidae,Euastacus,bispinosus
1340,Prasophyllum murfetii,Fleurieu Leek Orchid,Critically Endangered,Plantae,Liliopsida,Orchidaceae,Prasophyllum,murfetii
1342,Cassinia tegulata,Avenue Cassinia,Critically Endangered,Plantae,Magnoliopsida,Asteraceae,Cassinia,tegulata
1350,Thelymitra cyanapicata,"Blue Top SunNaorchid, DarkNatipped SunNaorchid",Critically Endangered,Plantae,Liliopsida,Orchidaceae,Thelymitra,cyanapicata
1365,Diomedea antipodensis gibsoni,Gibson's Albatross,Vulnerable,Animalia,Aves,Diomedeidae,Diomedea,antipodensis
1366,Thalassarche bulleri platei,"Northern Buller's Albatross, Pacific Albatross",Vulnerable,Animalia,Aves,Diomedeidae,Thalassarche,bulleri
1367,Notechis scutatus ater,Krefft's Tiger Snake (Flinders Ranges),Vulnerable,Animalia,Reptilia,Elapidae,Notechis,scutatus
1369,Anthochaera phrygia,Regent Honeyeater,Critically Endangered,Animalia,Aves,Meliphagidae,Anthochaera,phrygia
1379,Tecticornia flabelliformis,Bead Glasswort,Vulnerable,Plantae,Magnoliopsida,Chenopodiaceae,Tecticornia,flabelliformis
1386,Centrophorus zeehaani,"Southern Dogfish, Endeavour Dogfish, Little Gulper Shark",Conservation Dependent,Animalia,Chondrichthyes,Squalidae,Centrophorus,zeehaani
1402,Caladenia intuta,Ghost SpiderNaorchid,Critically Endangered,Plantae,Liliopsida,Orchidaceae,Caladenia,intuta
1404,Veronica derwentiana subsp. homalodonta,Mount Lofty Speedwell,Critically Endangered,Plantae,Magnoliopsida,Plantaginaceae,Veronica,derwentiana
1410,Sternula nereis nereis,Australian Fairy Tern,Vulnerable,Animalia,Aves,Laridae,Sternula,nereis
1418,Antechinus minimus maritimus,Swamp Antechinus (mainland),Vulnerable,Animalia,Mammalia,Dasyuridae,Antechinus,minimus
1423,Liopholis kintorei,"Great Desert Skink, Tjakura, Warrarna, Mulyamiji",Vulnerable,Animalia,Reptilia,Scincidae,Liopholis,kintorei
1436,Nyctophilus corbeni,"Corben's LongNaeared Bat, SouthNaeastern LongNaeared Bat",Vulnerable,Animalia,Mammalia,Vespertilionidae,Nyctophilus,corbeni
1445,Correa eburnea,Deep Creek Correa,Endangered,Plantae,Magnoliopsida,Rutaceae,Correa,eburnea
1456,Amytornis modestus,ThickNabilled Grasswren,Vulnerable,Animalia,Aves,Maluridae,Amytornis,modestus
1467,Galaxias rostratus,"Flathead Galaxias, Beaked Minnow, FlatNaheaded Galaxias, FlatNaheaded Jollytail, FlatNaheaded Minnow",Critically Endangered,Animalia,Actinopterygii,Galaxiidae,Galaxias,rostratus
1487,Pterostylis lepida,Halbury Greenhood,Endangered,Plantae,Liliopsida,Orchidaceae,Pterostylis,lepida
1488,Pterostylis mirabilis,Nodding Rufoushood,Vulnerable,Plantae,Liliopsida,Orchidaceae,Pterostylis,mirabilis
1490,Prasophyllum laxum,Lax Leek Orchid,Critically Endangered,Plantae,Liliopsida,Orchidaceae,Prasophyllum,laxum
1492,Amytornis merrotsyi merrotsyi,ShortNatailed Grasswren (Flinders Ranges),Vulnerable,Animalia,Aves,Maluridae,Amytornis,merrotsyi
1493,Amytornis merrotsyi pedleri,"Gawler Ranges ShortNatailed Grasswren, ShortNatailed Grasswren (Gawler Ranges)",Endangered,Animalia,Aves,Maluridae,Amytornis,merrotsyi
1496,Limosa lapponica baueri,"BarNatailed Godwit (baueri), Western Alaskan BarNatailed Godwit",Vulnerable,Animalia,Aves,Scolopacidae,Limosa,lapponica
1499,Limosa lapponica menzbieri,"Northern Siberian BarNatailed Godwit, BarNatailed Godwit (menzbieri)",Critically Endangered,Animalia,Aves,Scolopacidae,Limosa,lapponica
1508,Bossiaea peninsularis,Sword Bossiaea,Endangered,Plantae,Magnoliopsida,Fabaceae,Bossiaea,peninsularis
1509,Olearia arckaringensis,Arckaringa Daisy,Endangered,Plantae,Magnoliopsida,Asteraceae,Olearia,arckaringensis
1510,Pterostylis psammophila,TwoNabristle Greenhood,Critically Endangered,Plantae,Liliopsida,Orchidaceae,Pterostylis,psammophila
1533,Tachyglossus aculeatus multiaculeatus,Kangaroo Island Echidna,Endangered,Animalia,Mammalia,Tachyglossidae,Tachyglossus,aculeatus
1539,Mastacomys fuscus mordicus,"BroadNatoothed Rat (mainland), Tooarrana",Vulnerable,Animalia,Mammalia,Muridae,Mastacomys,fuscus
1543,Sminthopsis griseoventer aitkeni,Kangaroo Island Dunnart,Endangered,Animalia,Mammalia,Dasyuridae,Sminthopsis,griseoventer
1545,Miniopterus orianae bassanii,Southern BentNawing Bat,Critically Endangered,Animalia,Mammalia,Miniopteridae,Miniopterus,orianae
1546,Thelymitra hygrophila,Blue Star SunNaorchid,Critically Endangered,Plantae,Liliopsida,Orchidaceae,Thelymitra,hygrophila
1558,Perameles gunnii Victorian subspecies,Eastern Barred Bandicoot (Mainland),Endangered,Animalia,Mammalia,Peramelidae,Perameles,gunnii Victorian subspecies
1582,Diomedea epomophora,Southern Royal Albatross,Vulnerable,Animalia,Aves,Diomedeidae,Diomedea,epomophora
1583,Diomedea exulans,Wandering Albatross,Vulnerable,Animalia,Aves,Diomedeidae,Diomedea,exulans
1584,Thalassarche cauta,Shy Albatross,Endangered,Animalia,Aves,Diomedeidae,Thalassarche,cauta
1588,Notamacropus greyi,Toolache Wallaby,Extinct,Animalia,Mammalia,Macropodidae,Notamacropus,greyi
1594,Thinornis cucullatus cucullatus,"Hooded Plover (eastern), Eastern Hooded Plover",Vulnerable,Animalia,Aves,Charadriidae,Thinornis,cucullatus
